,learning_rate,batch_size,neurons_per_layers,activation_functions,score
0,0.0001,16,[8],"('relu',)",tensor(0.2885)
1,0.0001,16,[8],"('sigmoid',)",tensor(0.3331)
2,0.0001,16,[8],"('tanh',)",tensor(0.3026)
3,0.0001,32,[8],"('relu',)",tensor(0.3153)
4,0.0001,32,[8],"('sigmoid',)",tensor(0.3097)
5,0.0001,32,[8],"('tanh',)",tensor(0.3179)
6,0.0001,64,[8],"('relu',)",tensor(0.3397)
7,0.0001,64,[8],"('sigmoid',)",tensor(0.3200)
8,0.0001,64,[8],"('tanh',)",tensor(0.3243)
9,0.001,16,[8],"('relu',)",tensor(0.2907)
10,0.001,16,[8],"('sigmoid',)",tensor(0.2699)
11,0.001,16,[8],"('tanh',)",tensor(0.2954)
12,0.001,32,[8],"('relu',)",tensor(0.2772)
13,0.001,32,[8],"('sigmoid',)",tensor(0.2893)
14,0.001,32,[8],"('tanh',)",tensor(0.2700)
15,0.001,64,[8],"('relu',)",tensor(0.2612)
16,0.001,64,[8],"('sigmoid',)",tensor(0.2906)
17,0.001,64,[8],"('tanh',)",tensor(0.2820)
18,0.01,16,[8],"('relu',)",tensor(0.2838)
19,0.01,16,[8],"('sigmoid',)",tensor(0.2481)
20,0.01,16,[8],"('tanh',)",tensor(0.2726)
21,0.01,32,[8],"('relu',)",tensor(0.2577)
22,0.01,32,[8],"('sigmoid',)",tensor(0.2258)
23,0.01,32,[8],"('tanh',)",tensor(0.2404)
24,0.01,64,[8],"('relu',)",tensor(0.2804)
25,0.01,64,[8],"('sigmoid',)",tensor(0.2342)
26,0.01,64,[8],"('tanh',)",tensor(0.2563)
27,0.0001,16,[12],"('relu',)",tensor(0.3293)
28,0.0001,16,[12],"('sigmoid',)",tensor(0.3162)
29,0.0001,16,[12],"('tanh',)",tensor(0.3047)
30,0.0001,32,[12],"('relu',)",tensor(0.3112)
31,0.0001,32,[12],"('sigmoid',)",tensor(0.3180)
32,0.0001,32,[12],"('tanh',)",tensor(0.2900)
33,0.0001,64,[12],"('relu',)",tensor(0.3086)
34,0.0001,64,[12],"('sigmoid',)",tensor(0.3886)
35,0.0001,64,[12],"('tanh',)",tensor(0.3386)
36,0.001,16,[12],"('relu',)",tensor(0.2445)
37,0.001,16,[12],"('sigmoid',)",tensor(0.2763)
38,0.001,16,[12],"('tanh',)",tensor(0.2595)
39,0.001,32,[12],"('relu',)",tensor(0.2444)
40,0.001,32,[12],"('sigmoid',)",tensor(0.2794)
41,0.001,32,[12],"('tanh',)",tensor(0.2749)
42,0.001,64,[12],"('relu',)",tensor(0.2706)
43,0.001,64,[12],"('sigmoid',)",tensor(0.3022)
44,0.001,64,[12],"('tanh',)",tensor(0.2630)
45,0.01,16,[12],"('relu',)",tensor(0.2519)
46,0.01,16,[12],"('sigmoid',)",tensor(0.2060)
47,0.01,16,[12],"('tanh',)",tensor(0.2467)
48,0.01,32,[12],"('relu',)",tensor(0.2770)
49,0.01,32,[12],"('sigmoid',)",tensor(0.2732)
50,0.01,32,[12],"('tanh',)",tensor(0.2278)
51,0.01,64,[12],"('relu',)",tensor(0.2692)
52,0.01,64,[12],"('sigmoid',)",tensor(0.2446)
53,0.01,64,[12],"('tanh',)",tensor(0.2476)
54,0.0001,16,[16],"('relu',)",tensor(0.2980)
55,0.0001,16,[16],"('sigmoid',)",tensor(0.3390)
56,0.0001,16,[16],"('tanh',)",tensor(0.3098)
57,0.0001,32,[16],"('relu',)",tensor(0.2933)
58,0.0001,32,[16],"('sigmoid',)",tensor(0.2788)
59,0.0001,32,[16],"('tanh',)",tensor(0.2946)
60,0.0001,64,[16],"('relu',)",tensor(0.3162)
61,0.0001,64,[16],"('sigmoid',)",tensor(0.3457)
62,0.0001,64,[16],"('tanh',)",tensor(0.3746)
63,0.001,16,[16],"('relu',)",tensor(0.2857)
64,0.001,16,[16],"('sigmoid',)",tensor(0.2640)
65,0.001,16,[16],"('tanh',)",tensor(0.2629)
66,0.001,32,[16],"('relu',)",tensor(0.2560)
67,0.001,32,[16],"('sigmoid',)",tensor(0.2920)
68,0.001,32,[16],"('tanh',)",tensor(0.2761)
69,0.001,64,[16],"('relu',)",tensor(0.2834)
70,0.001,64,[16],"('sigmoid',)",tensor(0.2857)
71,0.001,64,[16],"('tanh',)",tensor(0.2758)
72,0.01,16,[16],"('relu',)",tensor(0.2649)
73,0.01,16,[16],"('sigmoid',)",tensor(0.2721)
74,0.01,16,[16],"('tanh',)",tensor(0.2750)
75,0.01,32,[16],"('relu',)",tensor(0.2255)
76,0.01,32,[16],"('sigmoid',)",tensor(0.2301)
77,0.01,32,[16],"('tanh',)",tensor(0.2384)
78,0.01,64,[16],"('relu',)",tensor(0.2251)
79,0.01,64,[16],"('sigmoid',)",tensor(0.2428)
80,0.01,64,[16],"('tanh',)",tensor(0.2430)
81,0.0001,16,"[8, 4]","('relu', 'relu')",tensor(0.3057)
82,0.0001,16,"[8, 4]","('relu', 'sigmoid')",tensor(0.2959)
83,0.0001,16,"[8, 4]","('relu', 'tanh')",tensor(0.2802)
84,0.0001,16,"[8, 4]","('sigmoid', 'relu')",tensor(0.3287)
85,0.0001,16,"[8, 4]","('sigmoid', 'sigmoid')",tensor(0.2982)
86,0.0001,16,"[8, 4]","('sigmoid', 'tanh')",tensor(0.3187)
87,0.0001,16,"[8, 4]","('tanh', 'relu')",tensor(0.3068)
88,0.0001,16,"[8, 4]","('tanh', 'sigmoid')",tensor(0.2609)
89,0.0001,16,"[8, 4]","('tanh', 'tanh')",tensor(0.3323)
90,0.0001,32,"[8, 4]","('relu', 'relu')",tensor(0.2922)
91,0.0001,32,"[8, 4]","('relu', 'sigmoid')",tensor(0.2821)
92,0.0001,32,"[8, 4]","('relu', 'tanh')",tensor(0.2810)
93,0.0001,32,"[8, 4]","('sigmoid', 'relu')",tensor(0.3222)
94,0.0001,32,"[8, 4]","('sigmoid', 'sigmoid')",tensor(0.2977)
95,0.0001,32,"[8, 4]","('sigmoid', 'tanh')",tensor(0.3148)
96,0.0001,32,"[8, 4]","('tanh', 'relu')",tensor(0.2932)
97,0.0001,32,"[8, 4]","('tanh', 'sigmoid')",tensor(0.2990)
98,0.0001,32,"[8, 4]","('tanh', 'tanh')",tensor(0.3165)
99,0.0001,64,"[8, 4]","('relu', 'relu')",tensor(0.3189)
100,0.0001,64,"[8, 4]","('relu', 'sigmoid')",tensor(0.2990)
101,0.0001,64,"[8, 4]","('relu', 'tanh')",tensor(0.3075)
102,0.0001,64,"[8, 4]","('sigmoid', 'relu')",tensor(0.3157)
103,0.0001,64,"[8, 4]","('sigmoid', 'sigmoid')",tensor(0.3801)
104,0.0001,64,"[8, 4]","('sigmoid', 'tanh')",tensor(0.3338)
105,0.0001,64,"[8, 4]","('tanh', 'relu')",tensor(0.2851)
106,0.0001,64,"[8, 4]","('tanh', 'sigmoid')",tensor(0.3124)
107,0.0001,64,"[8, 4]","('tanh', 'tanh')",tensor(0.3366)
108,0.001,16,"[8, 4]","('relu', 'relu')",tensor(0.2173)
109,0.001,16,"[8, 4]","('relu', 'sigmoid')",tensor(0.2629)
110,0.001,16,"[8, 4]","('relu', 'tanh')",tensor(0.2680)
111,0.001,16,"[8, 4]","('sigmoid', 'relu')",tensor(0.3256)
112,0.001,16,"[8, 4]","('sigmoid', 'sigmoid')",tensor(0.2765)
113,0.001,16,"[8, 4]","('sigmoid', 'tanh')",tensor(0.2694)
114,0.001,16,"[8, 4]","('tanh', 'relu')",tensor(0.2453)
115,0.001,16,"[8, 4]","('tanh', 'sigmoid')",tensor(0.2628)
116,0.001,16,"[8, 4]","('tanh', 'tanh')",tensor(0.2904)
117,0.001,32,"[8, 4]","('relu', 'relu')",tensor(0.2493)
118,0.001,32,"[8, 4]","('relu', 'sigmoid')",tensor(0.2782)
119,0.001,32,"[8, 4]","('relu', 'tanh')",tensor(0.2381)
120,0.001,32,"[8, 4]","('sigmoid', 'relu')",tensor(0.2928)
121,0.001,32,"[8, 4]","('sigmoid', 'sigmoid')",tensor(0.3120)
122,0.001,32,"[8, 4]","('sigmoid', 'tanh')",tensor(0.2679)
123,0.001,32,"[8, 4]","('tanh', 'relu')",tensor(0.2882)
124,0.001,32,"[8, 4]","('tanh', 'sigmoid')",tensor(0.2652)
125,0.001,32,"[8, 4]","('tanh', 'tanh')",tensor(0.2554)
126,0.001,64,"[8, 4]","('relu', 'relu')",tensor(0.2790)
127,0.001,64,"[8, 4]","('relu', 'sigmoid')",tensor(0.2740)
128,0.001,64,"[8, 4]","('relu', 'tanh')",tensor(0.2657)
129,0.001,64,"[8, 4]","('sigmoid', 'relu')",tensor(0.3000)
130,0.001,64,"[8, 4]","('sigmoid', 'sigmoid')",tensor(0.2754)
131,0.001,64,"[8, 4]","('sigmoid', 'tanh')",tensor(0.2929)
132,0.001,64,"[8, 4]","('tanh', 'relu')",tensor(0.2721)
133,0.001,64,"[8, 4]","('tanh', 'sigmoid')",tensor(0.2509)
134,0.001,64,"[8, 4]","('tanh', 'tanh')",tensor(0.2695)
135,0.01,16,"[8, 4]","('relu', 'relu')",tensor(0.2493)
136,0.01,16,"[8, 4]","('relu', 'sigmoid')",tensor(0.2181)
137,0.01,16,"[8, 4]","('relu', 'tanh')",tensor(0.2698)
138,0.01,16,"[8, 4]","('sigmoid', 'relu')",tensor(0.2423)
139,0.01,16,"[8, 4]","('sigmoid', 'sigmoid')",tensor(0.2500)
140,0.01,16,"[8, 4]","('sigmoid', 'tanh')",tensor(0.2334)
141,0.01,16,"[8, 4]","('tanh', 'relu')",tensor(0.2406)
142,0.01,16,"[8, 4]","('tanh', 'sigmoid')",tensor(0.2247)
143,0.01,16,"[8, 4]","('tanh', 'tanh')",tensor(0.2329)
144,0.01,32,"[8, 4]","('relu', 'relu')",tensor(0.2739)
145,0.01,32,"[8, 4]","('relu', 'sigmoid')",tensor(0.2670)
146,0.01,32,"[8, 4]","('relu', 'tanh')",tensor(0.2233)
147,0.01,32,"[8, 4]","('sigmoid', 'relu')",tensor(0.2810)
148,0.01,32,"[8, 4]","('sigmoid', 'sigmoid')",tensor(0.2345)
149,0.01,32,"[8, 4]","('sigmoid', 'tanh')",tensor(0.2907)
150,0.01,32,"[8, 4]","('tanh', 'relu')",tensor(0.2377)
151,0.01,32,"[8, 4]","('tanh', 'sigmoid')",tensor(0.2125)
152,0.01,32,"[8, 4]","('tanh', 'tanh')",tensor(0.2435)
153,0.01,64,"[8, 4]","('relu', 'relu')",tensor(0.2553)
154,0.01,64,"[8, 4]","('relu', 'sigmoid')",tensor(0.2517)
155,0.01,64,"[8, 4]","('relu', 'tanh')",tensor(0.2428)
156,0.01,64,"[8, 4]","('sigmoid', 'relu')",tensor(0.2430)
157,0.01,64,"[8, 4]","('sigmoid', 'sigmoid')",tensor(0.2310)
158,0.01,64,"[8, 4]","('sigmoid', 'tanh')",tensor(0.2713)
159,0.01,64,"[8, 4]","('tanh', 'relu')",tensor(0.2712)
160,0.01,64,"[8, 4]","('tanh', 'sigmoid')",tensor(0.2784)
161,0.01,64,"[8, 4]","('tanh', 'tanh')",tensor(0.2675)
162,0.0001,16,"[12, 6]","('relu', 'relu')",tensor(0.2848)
163,0.0001,16,"[12, 6]","('relu', 'sigmoid')",tensor(0.3015)
164,0.0001,16,"[12, 6]","('relu', 'tanh')",tensor(0.2603)
165,0.0001,16,"[12, 6]","('sigmoid', 'relu')",tensor(0.3424)
166,0.0001,16,"[12, 6]","('sigmoid', 'sigmoid')",tensor(0.2903)
167,0.0001,16,"[12, 6]","('sigmoid', 'tanh')",tensor(0.3367)
168,0.0001,16,"[12, 6]","('tanh', 'relu')",tensor(0.2863)
169,0.0001,16,"[12, 6]","('tanh', 'sigmoid')",tensor(0.2945)
170,0.0001,16,"[12, 6]","('tanh', 'tanh')",tensor(0.2839)
171,0.0001,32,"[12, 6]","('relu', 'relu')",tensor(0.2980)
172,0.0001,32,"[12, 6]","('relu', 'sigmoid')",tensor(0.2879)
173,0.0001,32,"[12, 6]","('relu', 'tanh')",tensor(0.2632)
174,0.0001,32,"[12, 6]","('sigmoid', 'relu')",tensor(0.3187)
175,0.0001,32,"[12, 6]","('sigmoid', 'sigmoid')",tensor(0.3033)
176,0.0001,32,"[12, 6]","('sigmoid', 'tanh')",tensor(0.3599)
177,0.0001,32,"[12, 6]","('tanh', 'relu')",tensor(0.2602)
178,0.0001,32,"[12, 6]","('tanh', 'sigmoid')",tensor(0.3114)
179,0.0001,32,"[12, 6]","('tanh', 'tanh')",tensor(0.3063)
180,0.0001,64,"[12, 6]","('relu', 'relu')",tensor(0.2938)
181,0.0001,64,"[12, 6]","('relu', 'sigmoid')",tensor(0.3096)
182,0.0001,64,"[12, 6]","('relu', 'tanh')",tensor(0.2794)
183,0.0001,64,"[12, 6]","('sigmoid', 'relu')",tensor(0.3045)
184,0.0001,64,"[12, 6]","('sigmoid', 'sigmoid')",tensor(0.3261)
185,0.0001,64,"[12, 6]","('sigmoid', 'tanh')",tensor(0.3116)
186,0.0001,64,"[12, 6]","('tanh', 'relu')",tensor(0.2888)
187,0.0001,64,"[12, 6]","('tanh', 'sigmoid')",tensor(0.3138)
188,0.0001,64,"[12, 6]","('tanh', 'tanh')",tensor(0.3149)
189,0.001,16,"[12, 6]","('relu', 'relu')",tensor(0.2393)
190,0.001,16,"[12, 6]","('relu', 'sigmoid')",tensor(0.2720)
191,0.001,16,"[12, 6]","('relu', 'tanh')",tensor(0.2864)
192,0.001,16,"[12, 6]","('sigmoid', 'relu')",tensor(0.2645)
193,0.001,16,"[12, 6]","('sigmoid', 'sigmoid')",tensor(0.2254)
194,0.001,16,"[12, 6]","('sigmoid', 'tanh')",tensor(0.2669)
195,0.001,16,"[12, 6]","('tanh', 'relu')",tensor(0.2803)
196,0.001,16,"[12, 6]","('tanh', 'sigmoid')",tensor(0.2517)
197,0.001,16,"[12, 6]","('tanh', 'tanh')",tensor(0.2477)
198,0.001,32,"[12, 6]","('relu', 'relu')",tensor(0.2900)
199,0.001,32,"[12, 6]","('relu', 'sigmoid')",tensor(0.2555)
200,0.001,32,"[12, 6]","('relu', 'tanh')",tensor(0.2353)
201,0.001,32,"[12, 6]","('sigmoid', 'relu')",tensor(0.2735)
202,0.001,32,"[12, 6]","('sigmoid', 'sigmoid')",tensor(0.2477)
203,0.001,32,"[12, 6]","('sigmoid', 'tanh')",tensor(0.2734)
204,0.001,32,"[12, 6]","('tanh', 'relu')",tensor(0.2574)
205,0.001,32,"[12, 6]","('tanh', 'sigmoid')",tensor(0.2659)
206,0.001,32,"[12, 6]","('tanh', 'tanh')",tensor(0.2346)
207,0.001,64,"[12, 6]","('relu', 'relu')",tensor(0.2773)
208,0.001,64,"[12, 6]","('relu', 'sigmoid')",tensor(0.2760)
209,0.001,64,"[12, 6]","('relu', 'tanh')",tensor(0.2817)
210,0.001,64,"[12, 6]","('sigmoid', 'relu')",tensor(0.2762)
211,0.001,64,"[12, 6]","('sigmoid', 'sigmoid')",tensor(0.2622)
212,0.001,64,"[12, 6]","('sigmoid', 'tanh')",tensor(0.2686)
213,0.001,64,"[12, 6]","('tanh', 'relu')",tensor(0.2200)
214,0.001,64,"[12, 6]","('tanh', 'sigmoid')",tensor(0.2665)
215,0.001,64,"[12, 6]","('tanh', 'tanh')",tensor(0.2836)
216,0.01,16,"[12, 6]","('relu', 'relu')",tensor(0.2661)
217,0.01,16,"[12, 6]","('relu', 'sigmoid')",tensor(0.2405)
218,0.01,16,"[12, 6]","('relu', 'tanh')",tensor(0.2025)
219,0.01,16,"[12, 6]","('sigmoid', 'relu')",tensor(0.2457)
220,0.01,16,"[12, 6]","('sigmoid', 'sigmoid')",tensor(0.2296)
221,0.01,16,"[12, 6]","('sigmoid', 'tanh')",tensor(0.2534)
222,0.01,16,"[12, 6]","('tanh', 'relu')",tensor(0.2350)
223,0.01,16,"[12, 6]","('tanh', 'sigmoid')",tensor(0.2171)
224,0.01,16,"[12, 6]","('tanh', 'tanh')",tensor(0.2417)
225,0.01,32,"[12, 6]","('relu', 'relu')",tensor(0.2490)
226,0.01,32,"[12, 6]","('relu', 'sigmoid')",tensor(0.2616)
227,0.01,32,"[12, 6]","('relu', 'tanh')",tensor(0.2572)
228,0.01,32,"[12, 6]","('sigmoid', 'relu')",tensor(0.2331)
229,0.01,32,"[12, 6]","('sigmoid', 'sigmoid')",tensor(0.2370)
230,0.01,32,"[12, 6]","('sigmoid', 'tanh')",tensor(0.2349)
231,0.01,32,"[12, 6]","('tanh', 'relu')",tensor(0.2421)
232,0.01,32,"[12, 6]","('tanh', 'sigmoid')",tensor(0.2002)
233,0.01,32,"[12, 6]","('tanh', 'tanh')",tensor(0.1979)
234,0.01,64,"[12, 6]","('relu', 'relu')",tensor(0.2118)
235,0.01,64,"[12, 6]","('relu', 'sigmoid')",tensor(0.2261)
236,0.01,64,"[12, 6]","('relu', 'tanh')",tensor(0.2111)
237,0.01,64,"[12, 6]","('sigmoid', 'relu')",tensor(0.2405)
238,0.01,64,"[12, 6]","('sigmoid', 'sigmoid')",tensor(0.2278)
239,0.01,64,"[12, 6]","('sigmoid', 'tanh')",tensor(0.2183)
240,0.01,64,"[12, 6]","('tanh', 'relu')",tensor(0.2147)
241,0.01,64,"[12, 6]","('tanh', 'sigmoid')",tensor(0.2215)
242,0.01,64,"[12, 6]","('tanh', 'tanh')",tensor(0.2144)
243,0.0001,16,"[16, 8]","('relu', 'relu')",tensor(0.2457)
244,0.0001,16,"[16, 8]","('relu', 'sigmoid')",tensor(0.2696)
245,0.0001,16,"[16, 8]","('relu', 'tanh')",tensor(0.2775)
246,0.0001,16,"[16, 8]","('sigmoid', 'relu')",tensor(0.3268)
247,0.0001,16,"[16, 8]","('sigmoid', 'sigmoid')",tensor(0.3143)
248,0.0001,16,"[16, 8]","('sigmoid', 'tanh')",tensor(0.3468)
249,0.0001,16,"[16, 8]","('tanh', 'relu')",tensor(0.3064)
250,0.0001,16,"[16, 8]","('tanh', 'sigmoid')",tensor(0.3007)
251,0.0001,16,"[16, 8]","('tanh', 'tanh')",tensor(0.2689)
252,0.0001,32,"[16, 8]","('relu', 'relu')",tensor(0.3121)
253,0.0001,32,"[16, 8]","('relu', 'sigmoid')",tensor(0.2781)
254,0.0001,32,"[16, 8]","('relu', 'tanh')",tensor(0.2600)
255,0.0001,32,"[16, 8]","('sigmoid', 'relu')",tensor(0.3011)
256,0.0001,32,"[16, 8]","('sigmoid', 'sigmoid')",tensor(0.3057)
257,0.0001,32,"[16, 8]","('sigmoid', 'tanh')",tensor(0.3473)
258,0.0001,32,"[16, 8]","('tanh', 'relu')",tensor(0.2859)
259,0.0001,32,"[16, 8]","('tanh', 'sigmoid')",tensor(0.3125)
260,0.0001,32,"[16, 8]","('tanh', 'tanh')",tensor(0.2818)
261,0.0001,64,"[16, 8]","('relu', 'relu')",tensor(0.2971)
262,0.0001,64,"[16, 8]","('relu', 'sigmoid')",tensor(0.2549)
263,0.0001,64,"[16, 8]","('relu', 'tanh')",tensor(0.3308)
264,0.0001,64,"[16, 8]","('sigmoid', 'relu')",tensor(0.2907)
265,0.0001,64,"[16, 8]","('sigmoid', 'sigmoid')",tensor(0.3437)
266,0.0001,64,"[16, 8]","('sigmoid', 'tanh')",tensor(0.3376)
267,0.0001,64,"[16, 8]","('tanh', 'relu')",tensor(0.2969)
268,0.0001,64,"[16, 8]","('tanh', 'sigmoid')",tensor(0.3313)
269,0.0001,64,"[16, 8]","('tanh', 'tanh')",tensor(0.2768)
270,0.001,16,"[16, 8]","('relu', 'relu')",tensor(0.2165)
271,0.001,16,"[16, 8]","('relu', 'sigmoid')",tensor(0.2415)
272,0.001,16,"[16, 8]","('relu', 'tanh')",tensor(0.2382)
273,0.001,16,"[16, 8]","('sigmoid', 'relu')",tensor(0.2370)
274,0.001,16,"[16, 8]","('sigmoid', 'sigmoid')",tensor(0.2820)
275,0.001,16,"[16, 8]","('sigmoid', 'tanh')",tensor(0.2570)
276,0.001,16,"[16, 8]","('tanh', 'relu')",tensor(0.2595)
277,0.001,16,"[16, 8]","('tanh', 'sigmoid')",tensor(0.2301)
278,0.001,16,"[16, 8]","('tanh', 'tanh')",tensor(0.2298)
279,0.001,32,"[16, 8]","('relu', 'relu')",tensor(0.2587)
280,0.001,32,"[16, 8]","('relu', 'sigmoid')",tensor(0.2190)
281,0.001,32,"[16, 8]","('relu', 'tanh')",tensor(0.2370)
282,0.001,32,"[16, 8]","('sigmoid', 'relu')",tensor(0.2652)
283,0.001,32,"[16, 8]","('sigmoid', 'sigmoid')",tensor(0.2592)
284,0.001,32,"[16, 8]","('sigmoid', 'tanh')",tensor(0.2752)
285,0.001,32,"[16, 8]","('tanh', 'relu')",tensor(0.2450)
286,0.001,32,"[16, 8]","('tanh', 'sigmoid')",tensor(0.2305)
287,0.001,32,"[16, 8]","('tanh', 'tanh')",tensor(0.2224)
288,0.001,64,"[16, 8]","('relu', 'relu')",tensor(0.2474)
289,0.001,64,"[16, 8]","('relu', 'sigmoid')",tensor(0.2422)
290,0.001,64,"[16, 8]","('relu', 'tanh')",tensor(0.2222)
291,0.001,64,"[16, 8]","('sigmoid', 'relu')",tensor(0.2497)
292,0.001,64,"[16, 8]","('sigmoid', 'sigmoid')",tensor(0.2928)
293,0.001,64,"[16, 8]","('sigmoid', 'tanh')",tensor(0.2563)
294,0.001,64,"[16, 8]","('tanh', 'relu')",tensor(0.2404)
295,0.001,64,"[16, 8]","('tanh', 'sigmoid')",tensor(0.2789)
296,0.001,64,"[16, 8]","('tanh', 'tanh')",tensor(0.2850)
297,0.01,16,"[16, 8]","('relu', 'relu')",tensor(0.2367)
298,0.01,16,"[16, 8]","('relu', 'sigmoid')",tensor(0.2303)
299,0.01,16,"[16, 8]","('relu', 'tanh')",tensor(0.2429)
300,0.01,16,"[16, 8]","('sigmoid', 'relu')",tensor(0.2182)
301,0.01,16,"[16, 8]","('sigmoid', 'sigmoid')",tensor(0.2054)
302,0.01,16,"[16, 8]","('sigmoid', 'tanh')",tensor(0.2144)
303,0.01,16,"[16, 8]","('tanh', 'relu')",tensor(0.2293)
304,0.01,16,"[16, 8]","('tanh', 'sigmoid')",tensor(0.2493)
305,0.01,16,"[16, 8]","('tanh', 'tanh')",tensor(0.2481)
306,0.01,32,"[16, 8]","('relu', 'relu')",tensor(0.2572)
307,0.01,32,"[16, 8]","('relu', 'sigmoid')",tensor(0.2456)
308,0.01,32,"[16, 8]","('relu', 'tanh')",tensor(0.2463)
309,0.01,32,"[16, 8]","('sigmoid', 'relu')",tensor(0.2159)
310,0.01,32,"[16, 8]","('sigmoid', 'sigmoid')",tensor(0.2317)
311,0.01,32,"[16, 8]","('sigmoid', 'tanh')",tensor(0.2334)
312,0.01,32,"[16, 8]","('tanh', 'relu')",tensor(0.2185)
313,0.01,32,"[16, 8]","('tanh', 'sigmoid')",tensor(0.2430)
314,0.01,32,"[16, 8]","('tanh', 'tanh')",tensor(0.2577)
315,0.01,64,"[16, 8]","('relu', 'relu')",tensor(0.2207)
316,0.01,64,"[16, 8]","('relu', 'sigmoid')",tensor(0.2303)
317,0.01,64,"[16, 8]","('relu', 'tanh')",tensor(0.2221)
318,0.01,64,"[16, 8]","('sigmoid', 'relu')",tensor(0.2152)
319,0.01,64,"[16, 8]","('sigmoid', 'sigmoid')",tensor(0.2618)
320,0.01,64,"[16, 8]","('sigmoid', 'tanh')",tensor(0.2281)
321,0.01,64,"[16, 8]","('tanh', 'relu')",tensor(0.2495)
322,0.01,64,"[16, 8]","('tanh', 'sigmoid')",tensor(0.1961)
323,0.01,64,"[16, 8]","('tanh', 'tanh')",tensor(0.2231)
324,0.0001,16,"[8, 4, 2]","('relu', 'relu', 'relu')",tensor(0.2863)
325,0.0001,16,"[8, 4, 2]","('relu', 'relu', 'sigmoid')",tensor(0.2750)
326,0.0001,16,"[8, 4, 2]","('relu', 'relu', 'tanh')",tensor(0.2654)
327,0.0001,16,"[8, 4, 2]","('relu', 'sigmoid', 'relu')",tensor(0.2748)
328,0.0001,16,"[8, 4, 2]","('relu', 'sigmoid', 'sigmoid')",tensor(0.2951)
329,0.0001,16,"[8, 4, 2]","('relu', 'sigmoid', 'tanh')",tensor(0.2579)
330,0.0001,16,"[8, 4, 2]","('relu', 'tanh', 'relu')",tensor(0.3031)
331,0.0001,16,"[8, 4, 2]","('relu', 'tanh', 'sigmoid')",tensor(0.2893)
332,0.0001,16,"[8, 4, 2]","('relu', 'tanh', 'tanh')",tensor(0.2683)
333,0.0001,16,"[8, 4, 2]","('sigmoid', 'relu', 'relu')",tensor(0.2870)
334,0.0001,16,"[8, 4, 2]","('sigmoid', 'relu', 'sigmoid')",tensor(0.3272)
335,0.0001,16,"[8, 4, 2]","('sigmoid', 'relu', 'tanh')",tensor(0.2925)
336,0.0001,16,"[8, 4, 2]","('sigmoid', 'sigmoid', 'relu')",tensor(0.3569)
337,0.0001,16,"[8, 4, 2]","('sigmoid', 'sigmoid', 'sigmoid')",tensor(0.3084)
338,0.0001,16,"[8, 4, 2]","('sigmoid', 'sigmoid', 'tanh')",tensor(0.3158)
339,0.0001,16,"[8, 4, 2]","('sigmoid', 'tanh', 'relu')",tensor(0.3420)
340,0.0001,16,"[8, 4, 2]","('sigmoid', 'tanh', 'sigmoid')",tensor(0.2951)
341,0.0001,16,"[8, 4, 2]","('sigmoid', 'tanh', 'tanh')",tensor(0.3438)
342,0.0001,16,"[8, 4, 2]","('tanh', 'relu', 'relu')",tensor(0.2452)
343,0.0001,16,"[8, 4, 2]","('tanh', 'relu', 'sigmoid')",tensor(0.3017)
344,0.0001,16,"[8, 4, 2]","('tanh', 'relu', 'tanh')",tensor(0.3051)
345,0.0001,16,"[8, 4, 2]","('tanh', 'sigmoid', 'relu')",tensor(0.3455)
346,0.0001,16,"[8, 4, 2]","('tanh', 'sigmoid', 'sigmoid')",tensor(0.3428)
347,0.0001,16,"[8, 4, 2]","('tanh', 'sigmoid', 'tanh')",tensor(0.2798)
348,0.0001,16,"[8, 4, 2]","('tanh', 'tanh', 'relu')",tensor(0.3129)
349,0.0001,16,"[8, 4, 2]","('tanh', 'tanh', 'sigmoid')",tensor(0.2812)
350,0.0001,16,"[8, 4, 2]","('tanh', 'tanh', 'tanh')",tensor(0.2812)
351,0.0001,32,"[8, 4, 2]","('relu', 'relu', 'relu')",tensor(0.2876)
352,0.0001,32,"[8, 4, 2]","('relu', 'relu', 'sigmoid')",tensor(0.2821)
353,0.0001,32,"[8, 4, 2]","('relu', 'relu', 'tanh')",tensor(0.2527)
354,0.0001,32,"[8, 4, 2]","('relu', 'sigmoid', 'relu')",tensor(0.2967)
355,0.0001,32,"[8, 4, 2]","('relu', 'sigmoid', 'sigmoid')",tensor(0.2823)
356,0.0001,32,"[8, 4, 2]","('relu', 'sigmoid', 'tanh')",tensor(0.3064)
357,0.0001,32,"[8, 4, 2]","('relu', 'tanh', 'relu')",tensor(0.2956)
358,0.0001,32,"[8, 4, 2]","('relu', 'tanh', 'sigmoid')",tensor(0.2546)
359,0.0001,32,"[8, 4, 2]","('relu', 'tanh', 'tanh')",tensor(0.3175)
360,0.0001,32,"[8, 4, 2]","('sigmoid', 'relu', 'relu')",tensor(0.9823)
361,0.0001,32,"[8, 4, 2]","('sigmoid', 'relu', 'sigmoid')",tensor(0.3161)
362,0.0001,32,"[8, 4, 2]","('sigmoid', 'relu', 'tanh')",tensor(0.2710)
363,0.0001,32,"[8, 4, 2]","('sigmoid', 'sigmoid', 'relu')",tensor(0.3663)
364,0.0001,32,"[8, 4, 2]","('sigmoid', 'sigmoid', 'sigmoid')",tensor(0.2889)
365,0.0001,32,"[8, 4, 2]","('sigmoid', 'sigmoid', 'tanh')",tensor(0.3282)
366,0.0001,32,"[8, 4, 2]","('sigmoid', 'tanh', 'relu')",tensor(0.3270)
367,0.0001,32,"[8, 4, 2]","('sigmoid', 'tanh', 'sigmoid')",tensor(0.3117)
368,0.0001,32,"[8, 4, 2]","('sigmoid', 'tanh', 'tanh')",tensor(0.3322)
369,0.0001,32,"[8, 4, 2]","('tanh', 'relu', 'relu')",tensor(0.2861)
370,0.0001,32,"[8, 4, 2]","('tanh', 'relu', 'sigmoid')",tensor(0.3003)
371,0.0001,32,"[8, 4, 2]","('tanh', 'relu', 'tanh')",tensor(0.2876)
372,0.0001,32,"[8, 4, 2]","('tanh', 'sigmoid', 'relu')",tensor(0.3197)
373,0.0001,32,"[8, 4, 2]","('tanh', 'sigmoid', 'sigmoid')",tensor(0.3111)
374,0.0001,32,"[8, 4, 2]","('tanh', 'sigmoid', 'tanh')",tensor(0.2959)
375,0.0001,32,"[8, 4, 2]","('tanh', 'tanh', 'relu')",tensor(0.2908)
376,0.0001,32,"[8, 4, 2]","('tanh', 'tanh', 'sigmoid')",tensor(0.3036)
377,0.0001,32,"[8, 4, 2]","('tanh', 'tanh', 'tanh')",tensor(0.2942)
378,0.0001,64,"[8, 4, 2]","('relu', 'relu', 'relu')",tensor(0.2876)
379,0.0001,64,"[8, 4, 2]","('relu', 'relu', 'sigmoid')",tensor(0.2975)
380,0.0001,64,"[8, 4, 2]","('relu', 'relu', 'tanh')",tensor(0.2735)
381,0.0001,64,"[8, 4, 2]","('relu', 'sigmoid', 'relu')",tensor(0.3052)
382,0.0001,64,"[8, 4, 2]","('relu', 'sigmoid', 'sigmoid')",tensor(0.3156)
383,0.0001,64,"[8, 4, 2]","('relu', 'sigmoid', 'tanh')",tensor(0.3067)
384,0.0001,64,"[8, 4, 2]","('relu', 'tanh', 'relu')",tensor(0.2707)
385,0.0001,64,"[8, 4, 2]","('relu', 'tanh', 'sigmoid')",tensor(0.2952)
386,0.0001,64,"[8, 4, 2]","('relu', 'tanh', 'tanh')",tensor(0.2888)
387,0.0001,64,"[8, 4, 2]","('sigmoid', 'relu', 'relu')",tensor(0.2996)
388,0.0001,64,"[8, 4, 2]","('sigmoid', 'relu', 'sigmoid')",tensor(0.3453)
389,0.0001,64,"[8, 4, 2]","('sigmoid', 'relu', 'tanh')",tensor(0.3257)
390,0.0001,64,"[8, 4, 2]","('sigmoid', 'sigmoid', 'relu')",tensor(0.3705)
391,0.0001,64,"[8, 4, 2]","('sigmoid', 'sigmoid', 'sigmoid')",tensor(0.3463)
392,0.0001,64,"[8, 4, 2]","('sigmoid', 'sigmoid', 'tanh')",tensor(0.3124)
393,0.0001,64,"[8, 4, 2]","('sigmoid', 'tanh', 'relu')",tensor(0.3097)
394,0.0001,64,"[8, 4, 2]","('sigmoid', 'tanh', 'sigmoid')",tensor(0.3400)
395,0.0001,64,"[8, 4, 2]","('sigmoid', 'tanh', 'tanh')",tensor(0.3100)
396,0.0001,64,"[8, 4, 2]","('tanh', 'relu', 'relu')",tensor(0.3315)
397,0.0001,64,"[8, 4, 2]","('tanh', 'relu', 'sigmoid')",tensor(0.2759)
398,0.0001,64,"[8, 4, 2]","('tanh', 'relu', 'tanh')",tensor(0.2773)
399,0.0001,64,"[8, 4, 2]","('tanh', 'sigmoid', 'relu')",tensor(0.9957)
400,0.0001,64,"[8, 4, 2]","('tanh', 'sigmoid', 'sigmoid')",tensor(0.3244)
401,0.0001,64,"[8, 4, 2]","('tanh', 'sigmoid', 'tanh')",tensor(0.3103)
402,0.0001,64,"[8, 4, 2]","('tanh', 'tanh', 'relu')",tensor(0.3117)
403,0.0001,64,"[8, 4, 2]","('tanh', 'tanh', 'sigmoid')",tensor(0.3394)
404,0.0001,64,"[8, 4, 2]","('tanh', 'tanh', 'tanh')",tensor(0.3138)
405,0.001,16,"[8, 4, 2]","('relu', 'relu', 'relu')",tensor(0.2680)
406,0.001,16,"[8, 4, 2]","('relu', 'relu', 'sigmoid')",tensor(0.2649)
407,0.001,16,"[8, 4, 2]","('relu', 'relu', 'tanh')",tensor(0.2395)
408,0.001,16,"[8, 4, 2]","('relu', 'sigmoid', 'relu')",tensor(1.0002)
409,0.001,16,"[8, 4, 2]","('relu', 'sigmoid', 'sigmoid')",tensor(0.2452)
410,0.001,16,"[8, 4, 2]","('relu', 'sigmoid', 'tanh')",tensor(0.2732)
411,0.001,16,"[8, 4, 2]","('relu', 'tanh', 'relu')",tensor(0.2273)
412,0.001,16,"[8, 4, 2]","('relu', 'tanh', 'sigmoid')",tensor(0.2512)
413,0.001,16,"[8, 4, 2]","('relu', 'tanh', 'tanh')",tensor(0.2363)
414,0.001,16,"[8, 4, 2]","('sigmoid', 'relu', 'relu')",tensor(0.2680)
415,0.001,16,"[8, 4, 2]","('sigmoid', 'relu', 'sigmoid')",tensor(0.2740)
416,0.001,16,"[8, 4, 2]","('sigmoid', 'relu', 'tanh')",tensor(0.2821)
417,0.001,16,"[8, 4, 2]","('sigmoid', 'sigmoid', 'relu')",tensor(0.2610)
418,0.001,16,"[8, 4, 2]","('sigmoid', 'sigmoid', 'sigmoid')",tensor(0.2361)
419,0.001,16,"[8, 4, 2]","('sigmoid', 'sigmoid', 'tanh')",tensor(0.2693)
420,0.001,16,"[8, 4, 2]","('sigmoid', 'tanh', 'relu')",tensor(0.3113)
421,0.001,16,"[8, 4, 2]","('sigmoid', 'tanh', 'sigmoid')",tensor(0.2599)
422,0.001,16,"[8, 4, 2]","('sigmoid', 'tanh', 'tanh')",tensor(0.2482)
423,0.001,16,"[8, 4, 2]","('tanh', 'relu', 'relu')",tensor(0.2411)
424,0.001,16,"[8, 4, 2]","('tanh', 'relu', 'sigmoid')",tensor(0.2746)
425,0.001,16,"[8, 4, 2]","('tanh', 'relu', 'tanh')",tensor(0.2960)
426,0.001,16,"[8, 4, 2]","('tanh', 'sigmoid', 'relu')",tensor(1.0062)
427,0.001,16,"[8, 4, 2]","('tanh', 'sigmoid', 'sigmoid')",tensor(0.2322)
428,0.001,16,"[8, 4, 2]","('tanh', 'sigmoid', 'tanh')",tensor(0.2574)
429,0.001,16,"[8, 4, 2]","('tanh', 'tanh', 'relu')",tensor(0.2670)
430,0.001,16,"[8, 4, 2]","('tanh', 'tanh', 'sigmoid')",tensor(0.2607)
431,0.001,16,"[8, 4, 2]","('tanh', 'tanh', 'tanh')",tensor(0.2479)
432,0.001,32,"[8, 4, 2]","('relu', 'relu', 'relu')",tensor(0.2909)
433,0.001,32,"[8, 4, 2]","('relu', 'relu', 'sigmoid')",tensor(0.2527)
434,0.001,32,"[8, 4, 2]","('relu', 'relu', 'tanh')",tensor(0.2302)
435,0.001,32,"[8, 4, 2]","('relu', 'sigmoid', 'relu')",tensor(0.2575)
436,0.001,32,"[8, 4, 2]","('relu', 'sigmoid', 'sigmoid')",tensor(0.2553)
437,0.001,32,"[8, 4, 2]","('relu', 'sigmoid', 'tanh')",tensor(0.2488)
438,0.001,32,"[8, 4, 2]","('relu', 'tanh', 'relu')",tensor(0.2399)
439,0.001,32,"[8, 4, 2]","('relu', 'tanh', 'sigmoid')",tensor(0.2300)
440,0.001,32,"[8, 4, 2]","('relu', 'tanh', 'tanh')",tensor(0.2663)
441,0.001,32,"[8, 4, 2]","('sigmoid', 'relu', 'relu')",tensor(1.0120)
442,0.001,32,"[8, 4, 2]","('sigmoid', 'relu', 'sigmoid')",tensor(0.2930)
443,0.001,32,"[8, 4, 2]","('sigmoid', 'relu', 'tanh')",tensor(0.2843)
444,0.001,32,"[8, 4, 2]","('sigmoid', 'sigmoid', 'relu')",tensor(1.0910)
445,0.001,32,"[8, 4, 2]","('sigmoid', 'sigmoid', 'sigmoid')",tensor(0.3040)
446,0.001,32,"[8, 4, 2]","('sigmoid', 'sigmoid', 'tanh')",tensor(0.2896)
447,0.001,32,"[8, 4, 2]","('sigmoid', 'tanh', 'relu')",tensor(0.2457)
448,0.001,32,"[8, 4, 2]","('sigmoid', 'tanh', 'sigmoid')",tensor(0.2578)
449,0.001,32,"[8, 4, 2]","('sigmoid', 'tanh', 'tanh')",tensor(0.2641)
450,0.001,32,"[8, 4, 2]","('tanh', 'relu', 'relu')",tensor(0.2602)
451,0.001,32,"[8, 4, 2]","('tanh', 'relu', 'sigmoid')",tensor(0.2620)
452,0.001,32,"[8, 4, 2]","('tanh', 'relu', 'tanh')",tensor(0.2723)
453,0.001,32,"[8, 4, 2]","('tanh', 'sigmoid', 'relu')",tensor(0.9543)
454,0.001,32,"[8, 4, 2]","('tanh', 'sigmoid', 'sigmoid')",tensor(0.2391)
455,0.001,32,"[8, 4, 2]","('tanh', 'sigmoid', 'tanh')",tensor(0.2662)
456,0.001,32,"[8, 4, 2]","('tanh', 'tanh', 'relu')",tensor(0.2569)
457,0.001,32,"[8, 4, 2]","('tanh', 'tanh', 'sigmoid')",tensor(0.2534)
458,0.001,32,"[8, 4, 2]","('tanh', 'tanh', 'tanh')",tensor(0.2897)
459,0.001,64,"[8, 4, 2]","('relu', 'relu', 'relu')",tensor(0.2529)
460,0.001,64,"[8, 4, 2]","('relu', 'relu', 'sigmoid')",tensor(0.2593)
461,0.001,64,"[8, 4, 2]","('relu', 'relu', 'tanh')",tensor(0.2727)
462,0.001,64,"[8, 4, 2]","('relu', 'sigmoid', 'relu')",tensor(1.0696)
463,0.001,64,"[8, 4, 2]","('relu', 'sigmoid', 'sigmoid')",tensor(0.3032)
464,0.001,64,"[8, 4, 2]","('relu', 'sigmoid', 'tanh')",tensor(0.2683)
465,0.001,64,"[8, 4, 2]","('relu', 'tanh', 'relu')",tensor(0.2901)
466,0.001,64,"[8, 4, 2]","('relu', 'tanh', 'sigmoid')",tensor(0.2531)
467,0.001,64,"[8, 4, 2]","('relu', 'tanh', 'tanh')",tensor(0.2375)
468,0.001,64,"[8, 4, 2]","('sigmoid', 'relu', 'relu')",tensor(0.2772)
469,0.001,64,"[8, 4, 2]","('sigmoid', 'relu', 'sigmoid')",tensor(0.2924)
470,0.001,64,"[8, 4, 2]","('sigmoid', 'relu', 'tanh')",tensor(0.2681)
471,0.001,64,"[8, 4, 2]","('sigmoid', 'sigmoid', 'relu')",tensor(0.3030)
472,0.001,64,"[8, 4, 2]","('sigmoid', 'sigmoid', 'sigmoid')",tensor(0.2954)
473,0.001,64,"[8, 4, 2]","('sigmoid', 'sigmoid', 'tanh')",tensor(0.2924)
474,0.001,64,"[8, 4, 2]","('sigmoid', 'tanh', 'relu')",tensor(0.9697)
475,0.001,64,"[8, 4, 2]","('sigmoid', 'tanh', 'sigmoid')",tensor(0.2790)
476,0.001,64,"[8, 4, 2]","('sigmoid', 'tanh', 'tanh')",tensor(0.2658)
477,0.001,64,"[8, 4, 2]","('tanh', 'relu', 'relu')",tensor(0.2446)
478,0.001,64,"[8, 4, 2]","('tanh', 'relu', 'sigmoid')",tensor(0.2612)
479,0.001,64,"[8, 4, 2]","('tanh', 'relu', 'tanh')",tensor(0.2805)
480,0.001,64,"[8, 4, 2]","('tanh', 'sigmoid', 'relu')",tensor(0.2898)
481,0.001,64,"[8, 4, 2]","('tanh', 'sigmoid', 'sigmoid')",tensor(0.2606)
482,0.001,64,"[8, 4, 2]","('tanh', 'sigmoid', 'tanh')",tensor(0.2701)
483,0.001,64,"[8, 4, 2]","('tanh', 'tanh', 'relu')",tensor(0.2865)
484,0.001,64,"[8, 4, 2]","('tanh', 'tanh', 'sigmoid')",tensor(0.2388)
485,0.001,64,"[8, 4, 2]","('tanh', 'tanh', 'tanh')",tensor(0.2408)
486,0.01,16,"[8, 4, 2]","('relu', 'relu', 'relu')",tensor(0.2209)
487,0.01,16,"[8, 4, 2]","('relu', 'relu', 'sigmoid')",tensor(0.2999)
488,0.01,16,"[8, 4, 2]","('relu', 'relu', 'tanh')",tensor(0.2710)
489,0.01,16,"[8, 4, 2]","('relu', 'sigmoid', 'relu')",tensor(0.2361)
490,0.01,16,"[8, 4, 2]","('relu', 'sigmoid', 'sigmoid')",tensor(0.2215)
491,0.01,16,"[8, 4, 2]","('relu', 'sigmoid', 'tanh')",tensor(0.2665)
492,0.01,16,"[8, 4, 2]","('relu', 'tanh', 'relu')",tensor(0.2373)
493,0.01,16,"[8, 4, 2]","('relu', 'tanh', 'sigmoid')",tensor(0.2319)
494,0.01,16,"[8, 4, 2]","('relu', 'tanh', 'tanh')",tensor(0.2575)
495,0.01,16,"[8, 4, 2]","('sigmoid', 'relu', 'relu')",tensor(1.0095)
496,0.01,16,"[8, 4, 2]","('sigmoid', 'relu', 'sigmoid')",tensor(0.2471)
497,0.01,16,"[8, 4, 2]","('sigmoid', 'relu', 'tanh')",tensor(0.2303)
498,0.01,16,"[8, 4, 2]","('sigmoid', 'sigmoid', 'relu')",tensor(0.2214)
499,0.01,16,"[8, 4, 2]","('sigmoid', 'sigmoid', 'sigmoid')",tensor(0.2445)
500,0.01,16,"[8, 4, 2]","('sigmoid', 'sigmoid', 'tanh')",tensor(0.2363)
501,0.01,16,"[8, 4, 2]","('sigmoid', 'tanh', 'relu')",tensor(1.0575)
502,0.01,16,"[8, 4, 2]","('sigmoid', 'tanh', 'sigmoid')",tensor(0.2188)
503,0.01,16,"[8, 4, 2]","('sigmoid', 'tanh', 'tanh')",tensor(0.2372)
504,0.01,16,"[8, 4, 2]","('tanh', 'relu', 'relu')",tensor(0.2430)
505,0.01,16,"[8, 4, 2]","('tanh', 'relu', 'sigmoid')",tensor(0.2473)
506,0.01,16,"[8, 4, 2]","('tanh', 'relu', 'tanh')",tensor(0.2564)
507,0.01,16,"[8, 4, 2]","('tanh', 'sigmoid', 'relu')",tensor(0.2423)
508,0.01,16,"[8, 4, 2]","('tanh', 'sigmoid', 'sigmoid')",tensor(0.2636)
509,0.01,16,"[8, 4, 2]","('tanh', 'sigmoid', 'tanh')",tensor(0.2617)
510,0.01,16,"[8, 4, 2]","('tanh', 'tanh', 'relu')",tensor(1.0549)
511,0.01,16,"[8, 4, 2]","('tanh', 'tanh', 'sigmoid')",tensor(0.2559)
512,0.01,16,"[8, 4, 2]","('tanh', 'tanh', 'tanh')",tensor(0.2551)
513,0.01,32,"[8, 4, 2]","('relu', 'relu', 'relu')",tensor(0.2698)
514,0.01,32,"[8, 4, 2]","('relu', 'relu', 'sigmoid')",tensor(0.2276)
515,0.01,32,"[8, 4, 2]","('relu', 'relu', 'tanh')",tensor(0.2522)
516,0.01,32,"[8, 4, 2]","('relu', 'sigmoid', 'relu')",tensor(0.2483)
517,0.01,32,"[8, 4, 2]","('relu', 'sigmoid', 'sigmoid')",tensor(0.2457)
518,0.01,32,"[8, 4, 2]","('relu', 'sigmoid', 'tanh')",tensor(0.2633)
519,0.01,32,"[8, 4, 2]","('relu', 'tanh', 'relu')",tensor(0.2562)
520,0.01,32,"[8, 4, 2]","('relu', 'tanh', 'sigmoid')",tensor(0.2275)
521,0.01,32,"[8, 4, 2]","('relu', 'tanh', 'tanh')",tensor(0.2197)
522,0.01,32,"[8, 4, 2]","('sigmoid', 'relu', 'relu')",tensor(0.2557)
523,0.01,32,"[8, 4, 2]","('sigmoid', 'relu', 'sigmoid')",tensor(0.2166)
524,0.01,32,"[8, 4, 2]","('sigmoid', 'relu', 'tanh')",tensor(0.2580)
525,0.01,32,"[8, 4, 2]","('sigmoid', 'sigmoid', 'relu')",tensor(0.9997)
526,0.01,32,"[8, 4, 2]","('sigmoid', 'sigmoid', 'sigmoid')",tensor(0.2190)
527,0.01,32,"[8, 4, 2]","('sigmoid', 'sigmoid', 'tanh')",tensor(0.2545)
528,0.01,32,"[8, 4, 2]","('sigmoid', 'tanh', 'relu')",tensor(0.2181)
529,0.01,32,"[8, 4, 2]","('sigmoid', 'tanh', 'sigmoid')",tensor(0.2324)
530,0.01,32,"[8, 4, 2]","('sigmoid', 'tanh', 'tanh')",tensor(0.2739)
531,0.01,32,"[8, 4, 2]","('tanh', 'relu', 'relu')",tensor(0.9821)
532,0.01,32,"[8, 4, 2]","('tanh', 'relu', 'sigmoid')",tensor(0.2606)
533,0.01,32,"[8, 4, 2]","('tanh', 'relu', 'tanh')",tensor(0.2385)
534,0.01,32,"[8, 4, 2]","('tanh', 'sigmoid', 'relu')",tensor(0.2636)
535,0.01,32,"[8, 4, 2]","('tanh', 'sigmoid', 'sigmoid')",tensor(0.2486)
536,0.01,32,"[8, 4, 2]","('tanh', 'sigmoid', 'tanh')",tensor(0.2292)
537,0.01,32,"[8, 4, 2]","('tanh', 'tanh', 'relu')",tensor(0.2389)
538,0.01,32,"[8, 4, 2]","('tanh', 'tanh', 'sigmoid')",tensor(0.2283)
539,0.01,32,"[8, 4, 2]","('tanh', 'tanh', 'tanh')",tensor(0.2493)
540,0.01,64,"[8, 4, 2]","('relu', 'relu', 'relu')",tensor(0.2392)
541,0.01,64,"[8, 4, 2]","('relu', 'relu', 'sigmoid')",tensor(0.2402)
542,0.01,64,"[8, 4, 2]","('relu', 'relu', 'tanh')",tensor(0.2218)
543,0.01,64,"[8, 4, 2]","('relu', 'sigmoid', 'relu')",tensor(1.0514)
544,0.01,64,"[8, 4, 2]","('relu', 'sigmoid', 'sigmoid')",tensor(0.2755)
545,0.01,64,"[8, 4, 2]","('relu', 'sigmoid', 'tanh')",tensor(0.2539)
546,0.01,64,"[8, 4, 2]","('relu', 'tanh', 'relu')",tensor(0.2449)
547,0.01,64,"[8, 4, 2]","('relu', 'tanh', 'sigmoid')",tensor(0.2692)
548,0.01,64,"[8, 4, 2]","('relu', 'tanh', 'tanh')",tensor(0.2514)
549,0.01,64,"[8, 4, 2]","('sigmoid', 'relu', 'relu')",tensor(1.0524)
550,0.01,64,"[8, 4, 2]","('sigmoid', 'relu', 'sigmoid')",tensor(0.2432)
551,0.01,64,"[8, 4, 2]","('sigmoid', 'relu', 'tanh')",tensor(0.2864)
552,0.01,64,"[8, 4, 2]","('sigmoid', 'sigmoid', 'relu')",tensor(0.2502)
553,0.01,64,"[8, 4, 2]","('sigmoid', 'sigmoid', 'sigmoid')",tensor(0.2736)
554,0.01,64,"[8, 4, 2]","('sigmoid', 'sigmoid', 'tanh')",tensor(0.2444)
555,0.01,64,"[8, 4, 2]","('sigmoid', 'tanh', 'relu')",tensor(0.9384)
556,0.01,64,"[8, 4, 2]","('sigmoid', 'tanh', 'sigmoid')",tensor(0.2649)
557,0.01,64,"[8, 4, 2]","('sigmoid', 'tanh', 'tanh')",tensor(0.2456)
558,0.01,64,"[8, 4, 2]","('tanh', 'relu', 'relu')",tensor(0.2582)
559,0.01,64,"[8, 4, 2]","('tanh', 'relu', 'sigmoid')",tensor(0.2568)
560,0.01,64,"[8, 4, 2]","('tanh', 'relu', 'tanh')",tensor(0.2665)
561,0.01,64,"[8, 4, 2]","('tanh', 'sigmoid', 'relu')",tensor(0.2387)
562,0.01,64,"[8, 4, 2]","('tanh', 'sigmoid', 'sigmoid')",tensor(0.2666)
563,0.01,64,"[8, 4, 2]","('tanh', 'sigmoid', 'tanh')",tensor(0.2507)
564,0.01,64,"[8, 4, 2]","('tanh', 'tanh', 'relu')",tensor(0.2289)
565,0.01,64,"[8, 4, 2]","('tanh', 'tanh', 'sigmoid')",tensor(0.2302)
566,0.01,64,"[8, 4, 2]","('tanh', 'tanh', 'tanh')",tensor(0.2376)
567,0.0001,16,"[12, 6, 3]","('relu', 'relu', 'relu')",tensor(0.2847)
568,0.0001,16,"[12, 6, 3]","('relu', 'relu', 'sigmoid')",tensor(0.2957)
569,0.0001,16,"[12, 6, 3]","('relu', 'relu', 'tanh')",tensor(0.2400)
570,0.0001,16,"[12, 6, 3]","('relu', 'sigmoid', 'relu')",tensor(0.2899)
571,0.0001,16,"[12, 6, 3]","('relu', 'sigmoid', 'sigmoid')",tensor(0.2885)
572,0.0001,16,"[12, 6, 3]","('relu', 'sigmoid', 'tanh')",tensor(0.2652)
573,0.0001,16,"[12, 6, 3]","('relu', 'tanh', 'relu')",tensor(0.2596)
574,0.0001,16,"[12, 6, 3]","('relu', 'tanh', 'sigmoid')",tensor(0.2728)
575,0.0001,16,"[12, 6, 3]","('relu', 'tanh', 'tanh')",tensor(0.2595)
576,0.0001,16,"[12, 6, 3]","('sigmoid', 'relu', 'relu')",tensor(1.0022)
577,0.0001,16,"[12, 6, 3]","('sigmoid', 'relu', 'sigmoid')",tensor(0.2990)
578,0.0001,16,"[12, 6, 3]","('sigmoid', 'relu', 'tanh')",tensor(0.3267)
579,0.0001,16,"[12, 6, 3]","('sigmoid', 'sigmoid', 'relu')",tensor(0.3389)
580,0.0001,16,"[12, 6, 3]","('sigmoid', 'sigmoid', 'sigmoid')",tensor(0.2912)
581,0.0001,16,"[12, 6, 3]","('sigmoid', 'sigmoid', 'tanh')",tensor(0.2900)
582,0.0001,16,"[12, 6, 3]","('sigmoid', 'tanh', 'relu')",tensor(0.3177)
583,0.0001,16,"[12, 6, 3]","('sigmoid', 'tanh', 'sigmoid')",tensor(0.3002)
584,0.0001,16,"[12, 6, 3]","('sigmoid', 'tanh', 'tanh')",tensor(0.2913)
585,0.0001,16,"[12, 6, 3]","('tanh', 'relu', 'relu')",tensor(0.2847)
586,0.0001,16,"[12, 6, 3]","('tanh', 'relu', 'sigmoid')",tensor(0.2652)
587,0.0001,16,"[12, 6, 3]","('tanh', 'relu', 'tanh')",tensor(0.2820)
588,0.0001,16,"[12, 6, 3]","('tanh', 'sigmoid', 'relu')",tensor(0.2939)
589,0.0001,16,"[12, 6, 3]","('tanh', 'sigmoid', 'sigmoid')",tensor(0.2831)
590,0.0001,16,"[12, 6, 3]","('tanh', 'sigmoid', 'tanh')",tensor(0.2780)
591,0.0001,16,"[12, 6, 3]","('tanh', 'tanh', 'relu')",tensor(0.2781)
592,0.0001,16,"[12, 6, 3]","('tanh', 'tanh', 'sigmoid')",tensor(0.2780)
593,0.0001,16,"[12, 6, 3]","('tanh', 'tanh', 'tanh')",tensor(0.2610)
594,0.0001,32,"[12, 6, 3]","('relu', 'relu', 'relu')",tensor(0.2874)
595,0.0001,32,"[12, 6, 3]","('relu', 'relu', 'sigmoid')",tensor(0.2859)
596,0.0001,32,"[12, 6, 3]","('relu', 'relu', 'tanh')",tensor(0.2713)
597,0.0001,32,"[12, 6, 3]","('relu', 'sigmoid', 'relu')",tensor(0.2550)
598,0.0001,32,"[12, 6, 3]","('relu', 'sigmoid', 'sigmoid')",tensor(0.2952)
599,0.0001,32,"[12, 6, 3]","('relu', 'sigmoid', 'tanh')",tensor(0.2918)
600,0.0001,32,"[12, 6, 3]","('relu', 'tanh', 'relu')",tensor(0.2813)
601,0.0001,32,"[12, 6, 3]","('relu', 'tanh', 'sigmoid')",tensor(0.2880)
602,0.0001,32,"[12, 6, 3]","('relu', 'tanh', 'tanh')",tensor(0.2989)
603,0.0001,32,"[12, 6, 3]","('sigmoid', 'relu', 'relu')",tensor(0.2728)
604,0.0001,32,"[12, 6, 3]","('sigmoid', 'relu', 'sigmoid')",tensor(0.3298)
605,0.0001,32,"[12, 6, 3]","('sigmoid', 'relu', 'tanh')",tensor(0.3241)
606,0.0001,32,"[12, 6, 3]","('sigmoid', 'sigmoid', 'relu')",tensor(0.2990)
607,0.0001,32,"[12, 6, 3]","('sigmoid', 'sigmoid', 'sigmoid')",tensor(0.3148)
608,0.0001,32,"[12, 6, 3]","('sigmoid', 'sigmoid', 'tanh')",tensor(0.3267)
609,0.0001,32,"[12, 6, 3]","('sigmoid', 'tanh', 'relu')",tensor(0.3430)
610,0.0001,32,"[12, 6, 3]","('sigmoid', 'tanh', 'sigmoid')",tensor(0.3222)
611,0.0001,32,"[12, 6, 3]","('sigmoid', 'tanh', 'tanh')",tensor(0.3178)
612,0.0001,32,"[12, 6, 3]","('tanh', 'relu', 'relu')",tensor(0.2676)
613,0.0001,32,"[12, 6, 3]","('tanh', 'relu', 'sigmoid')",tensor(0.2981)
614,0.0001,32,"[12, 6, 3]","('tanh', 'relu', 'tanh')",tensor(0.2798)
615,0.0001,32,"[12, 6, 3]","('tanh', 'sigmoid', 'relu')",tensor(0.2855)
616,0.0001,32,"[12, 6, 3]","('tanh', 'sigmoid', 'sigmoid')",tensor(0.3046)
617,0.0001,32,"[12, 6, 3]","('tanh', 'sigmoid', 'tanh')",tensor(0.2950)
618,0.0001,32,"[12, 6, 3]","('tanh', 'tanh', 'relu')",tensor(0.2638)
619,0.0001,32,"[12, 6, 3]","('tanh', 'tanh', 'sigmoid')",tensor(0.2664)
620,0.0001,32,"[12, 6, 3]","('tanh', 'tanh', 'tanh')",tensor(0.2715)
621,0.0001,64,"[12, 6, 3]","('relu', 'relu', 'relu')",tensor(0.2720)
622,0.0001,64,"[12, 6, 3]","('relu', 'relu', 'sigmoid')",tensor(0.2819)
623,0.0001,64,"[12, 6, 3]","('relu', 'relu', 'tanh')",tensor(0.2661)
624,0.0001,64,"[12, 6, 3]","('relu', 'sigmoid', 'relu')",tensor(0.3122)
625,0.0001,64,"[12, 6, 3]","('relu', 'sigmoid', 'sigmoid')",tensor(0.2801)
626,0.0001,64,"[12, 6, 3]","('relu', 'sigmoid', 'tanh')",tensor(0.2855)
627,0.0001,64,"[12, 6, 3]","('relu', 'tanh', 'relu')",tensor(0.2667)
628,0.0001,64,"[12, 6, 3]","('relu', 'tanh', 'sigmoid')",tensor(0.2788)
629,0.0001,64,"[12, 6, 3]","('relu', 'tanh', 'tanh')",tensor(0.2958)
630,0.0001,64,"[12, 6, 3]","('sigmoid', 'relu', 'relu')",tensor(0.3286)
631,0.0001,64,"[12, 6, 3]","('sigmoid', 'relu', 'sigmoid')",tensor(0.3378)
632,0.0001,64,"[12, 6, 3]","('sigmoid', 'relu', 'tanh')",tensor(0.3074)
633,0.0001,64,"[12, 6, 3]","('sigmoid', 'sigmoid', 'relu')",tensor(0.3264)
634,0.0001,64,"[12, 6, 3]","('sigmoid', 'sigmoid', 'sigmoid')",tensor(0.3151)
635,0.0001,64,"[12, 6, 3]","('sigmoid', 'sigmoid', 'tanh')",tensor(0.3301)
636,0.0001,64,"[12, 6, 3]","('sigmoid', 'tanh', 'relu')",tensor(0.3313)
637,0.0001,64,"[12, 6, 3]","('sigmoid', 'tanh', 'sigmoid')",tensor(0.3309)
638,0.0001,64,"[12, 6, 3]","('sigmoid', 'tanh', 'tanh')",tensor(0.3229)
639,0.0001,64,"[12, 6, 3]","('tanh', 'relu', 'relu')",tensor(0.2858)
640,0.0001,64,"[12, 6, 3]","('tanh', 'relu', 'sigmoid')",tensor(0.3304)
641,0.0001,64,"[12, 6, 3]","('tanh', 'relu', 'tanh')",tensor(0.2442)
642,0.0001,64,"[12, 6, 3]","('tanh', 'sigmoid', 'relu')",tensor(0.2813)
643,0.0001,64,"[12, 6, 3]","('tanh', 'sigmoid', 'sigmoid')",tensor(0.3321)
644,0.0001,64,"[12, 6, 3]","('tanh', 'sigmoid', 'tanh')",tensor(0.3029)
645,0.0001,64,"[12, 6, 3]","('tanh', 'tanh', 'relu')",tensor(0.2506)
646,0.0001,64,"[12, 6, 3]","('tanh', 'tanh', 'sigmoid')",tensor(0.3187)
647,0.0001,64,"[12, 6, 3]","('tanh', 'tanh', 'tanh')",tensor(0.3182)
648,0.001,16,"[12, 6, 3]","('relu', 'relu', 'relu')",tensor(0.2565)
649,0.001,16,"[12, 6, 3]","('relu', 'relu', 'sigmoid')",tensor(0.2579)
650,0.001,16,"[12, 6, 3]","('relu', 'relu', 'tanh')",tensor(0.2165)
651,0.001,16,"[12, 6, 3]","('relu', 'sigmoid', 'relu')",tensor(0.2823)
652,0.001,16,"[12, 6, 3]","('relu', 'sigmoid', 'sigmoid')",tensor(0.2400)
653,0.001,16,"[12, 6, 3]","('relu', 'sigmoid', 'tanh')",tensor(0.2608)
654,0.001,16,"[12, 6, 3]","('relu', 'tanh', 'relu')",tensor(0.2523)
655,0.001,16,"[12, 6, 3]","('relu', 'tanh', 'sigmoid')",tensor(0.2273)
656,0.001,16,"[12, 6, 3]","('relu', 'tanh', 'tanh')",tensor(0.2465)
657,0.001,16,"[12, 6, 3]","('sigmoid', 'relu', 'relu')",tensor(0.2602)
658,0.001,16,"[12, 6, 3]","('sigmoid', 'relu', 'sigmoid')",tensor(0.2365)
659,0.001,16,"[12, 6, 3]","('sigmoid', 'relu', 'tanh')",tensor(0.2555)
660,0.001,16,"[12, 6, 3]","('sigmoid', 'sigmoid', 'relu')",tensor(0.2686)
661,0.001,16,"[12, 6, 3]","('sigmoid', 'sigmoid', 'sigmoid')",tensor(0.2640)
662,0.001,16,"[12, 6, 3]","('sigmoid', 'sigmoid', 'tanh')",tensor(0.2650)
663,0.001,16,"[12, 6, 3]","('sigmoid', 'tanh', 'relu')",tensor(0.2911)
664,0.001,16,"[12, 6, 3]","('sigmoid', 'tanh', 'sigmoid')",tensor(0.2516)
665,0.001,16,"[12, 6, 3]","('sigmoid', 'tanh', 'tanh')",tensor(0.2636)
666,0.001,16,"[12, 6, 3]","('tanh', 'relu', 'relu')",tensor(0.2863)
667,0.001,16,"[12, 6, 3]","('tanh', 'relu', 'sigmoid')",tensor(0.2502)
668,0.001,16,"[12, 6, 3]","('tanh', 'relu', 'tanh')",tensor(0.2835)
669,0.001,16,"[12, 6, 3]","('tanh', 'sigmoid', 'relu')",tensor(0.2284)
670,0.001,16,"[12, 6, 3]","('tanh', 'sigmoid', 'sigmoid')",tensor(0.2682)
671,0.001,16,"[12, 6, 3]","('tanh', 'sigmoid', 'tanh')",tensor(0.2576)
672,0.001,16,"[12, 6, 3]","('tanh', 'tanh', 'relu')",tensor(0.2777)
673,0.001,16,"[12, 6, 3]","('tanh', 'tanh', 'sigmoid')",tensor(0.2687)
674,0.001,16,"[12, 6, 3]","('tanh', 'tanh', 'tanh')",tensor(0.2649)
675,0.001,32,"[12, 6, 3]","('relu', 'relu', 'relu')",tensor(0.2852)
676,0.001,32,"[12, 6, 3]","('relu', 'relu', 'sigmoid')",tensor(0.2497)
677,0.001,32,"[12, 6, 3]","('relu', 'relu', 'tanh')",tensor(0.2227)
678,0.001,32,"[12, 6, 3]","('relu', 'sigmoid', 'relu')",tensor(0.2896)
679,0.001,32,"[12, 6, 3]","('relu', 'sigmoid', 'sigmoid')",tensor(0.2599)
680,0.001,32,"[12, 6, 3]","('relu', 'sigmoid', 'tanh')",tensor(0.2327)
681,0.001,32,"[12, 6, 3]","('relu', 'tanh', 'relu')",tensor(0.2427)
682,0.001,32,"[12, 6, 3]","('relu', 'tanh', 'sigmoid')",tensor(0.2695)
683,0.001,32,"[12, 6, 3]","('relu', 'tanh', 'tanh')",tensor(0.2723)
684,0.001,32,"[12, 6, 3]","('sigmoid', 'relu', 'relu')",tensor(0.2793)
685,0.001,32,"[12, 6, 3]","('sigmoid', 'relu', 'sigmoid')",tensor(0.2614)
686,0.001,32,"[12, 6, 3]","('sigmoid', 'relu', 'tanh')",tensor(0.2816)
687,0.001,32,"[12, 6, 3]","('sigmoid', 'sigmoid', 'relu')",tensor(1.0134)
688,0.001,32,"[12, 6, 3]","('sigmoid', 'sigmoid', 'sigmoid')",tensor(0.2454)
689,0.001,32,"[12, 6, 3]","('sigmoid', 'sigmoid', 'tanh')",tensor(0.2952)
690,0.001,32,"[12, 6, 3]","('sigmoid', 'tanh', 'relu')",tensor(0.2787)
691,0.001,32,"[12, 6, 3]","('sigmoid', 'tanh', 'sigmoid')",tensor(0.2677)
692,0.001,32,"[12, 6, 3]","('sigmoid', 'tanh', 'tanh')",tensor(0.2676)
693,0.001,32,"[12, 6, 3]","('tanh', 'relu', 'relu')",tensor(0.2439)
694,0.001,32,"[12, 6, 3]","('tanh', 'relu', 'sigmoid')",tensor(0.2565)
695,0.001,32,"[12, 6, 3]","('tanh', 'relu', 'tanh')",tensor(0.2535)
696,0.001,32,"[12, 6, 3]","('tanh', 'sigmoid', 'relu')",tensor(0.2650)
697,0.001,32,"[12, 6, 3]","('tanh', 'sigmoid', 'sigmoid')",tensor(0.2471)
698,0.001,32,"[12, 6, 3]","('tanh', 'sigmoid', 'tanh')",tensor(0.2906)
699,0.001,32,"[12, 6, 3]","('tanh', 'tanh', 'relu')",tensor(0.2718)
700,0.001,32,"[12, 6, 3]","('tanh', 'tanh', 'sigmoid')",tensor(0.2408)
701,0.001,32,"[12, 6, 3]","('tanh', 'tanh', 'tanh')",tensor(0.2555)
702,0.001,64,"[12, 6, 3]","('relu', 'relu', 'relu')",tensor(0.2702)
703,0.001,64,"[12, 6, 3]","('relu', 'relu', 'sigmoid')",tensor(0.2714)
704,0.001,64,"[12, 6, 3]","('relu', 'relu', 'tanh')",tensor(0.2594)
705,0.001,64,"[12, 6, 3]","('relu', 'sigmoid', 'relu')",tensor(0.2843)
706,0.001,64,"[12, 6, 3]","('relu', 'sigmoid', 'sigmoid')",tensor(0.2770)
707,0.001,64,"[12, 6, 3]","('relu', 'sigmoid', 'tanh')",tensor(0.2752)
708,0.001,64,"[12, 6, 3]","('relu', 'tanh', 'relu')",tensor(0.2521)
709,0.001,64,"[12, 6, 3]","('relu', 'tanh', 'sigmoid')",tensor(0.2652)
710,0.001,64,"[12, 6, 3]","('relu', 'tanh', 'tanh')",tensor(0.2315)
711,0.001,64,"[12, 6, 3]","('sigmoid', 'relu', 'relu')",tensor(0.2965)
712,0.001,64,"[12, 6, 3]","('sigmoid', 'relu', 'sigmoid')",tensor(0.2842)
713,0.001,64,"[12, 6, 3]","('sigmoid', 'relu', 'tanh')",tensor(0.3111)
714,0.001,64,"[12, 6, 3]","('sigmoid', 'sigmoid', 'relu')",tensor(0.3271)
715,0.001,64,"[12, 6, 3]","('sigmoid', 'sigmoid', 'sigmoid')",tensor(0.2951)
716,0.001,64,"[12, 6, 3]","('sigmoid', 'sigmoid', 'tanh')",tensor(0.2971)
717,0.001,64,"[12, 6, 3]","('sigmoid', 'tanh', 'relu')",tensor(0.2736)
718,0.001,64,"[12, 6, 3]","('sigmoid', 'tanh', 'sigmoid')",tensor(0.2676)
719,0.001,64,"[12, 6, 3]","('sigmoid', 'tanh', 'tanh')",tensor(0.2918)
720,0.001,64,"[12, 6, 3]","('tanh', 'relu', 'relu')",tensor(0.2944)
721,0.001,64,"[12, 6, 3]","('tanh', 'relu', 'sigmoid')",tensor(0.2520)
722,0.001,64,"[12, 6, 3]","('tanh', 'relu', 'tanh')",tensor(0.2207)
723,0.001,64,"[12, 6, 3]","('tanh', 'sigmoid', 'relu')",tensor(0.2473)
724,0.001,64,"[12, 6, 3]","('tanh', 'sigmoid', 'sigmoid')",tensor(0.2564)
725,0.001,64,"[12, 6, 3]","('tanh', 'sigmoid', 'tanh')",tensor(0.2760)
726,0.001,64,"[12, 6, 3]","('tanh', 'tanh', 'relu')",tensor(0.2247)
727,0.001,64,"[12, 6, 3]","('tanh', 'tanh', 'sigmoid')",tensor(0.2554)
728,0.001,64,"[12, 6, 3]","('tanh', 'tanh', 'tanh')",tensor(0.2356)
729,0.01,16,"[12, 6, 3]","('relu', 'relu', 'relu')",tensor(0.2730)
730,0.01,16,"[12, 6, 3]","('relu', 'relu', 'sigmoid')",tensor(0.2772)
731,0.01,16,"[12, 6, 3]","('relu', 'relu', 'tanh')",tensor(0.2265)
732,0.01,16,"[12, 6, 3]","('relu', 'sigmoid', 'relu')",tensor(0.2417)
733,0.01,16,"[12, 6, 3]","('relu', 'sigmoid', 'sigmoid')",tensor(0.2281)
734,0.01,16,"[12, 6, 3]","('relu', 'sigmoid', 'tanh')",tensor(0.2144)
735,0.01,16,"[12, 6, 3]","('relu', 'tanh', 'relu')",tensor(0.2676)
736,0.01,16,"[12, 6, 3]","('relu', 'tanh', 'sigmoid')",tensor(0.2292)
737,0.01,16,"[12, 6, 3]","('relu', 'tanh', 'tanh')",tensor(0.2485)
738,0.01,16,"[12, 6, 3]","('sigmoid', 'relu', 'relu')",tensor(0.2543)
739,0.01,16,"[12, 6, 3]","('sigmoid', 'relu', 'sigmoid')",tensor(0.2538)
740,0.01,16,"[12, 6, 3]","('sigmoid', 'relu', 'tanh')",tensor(0.2018)
741,0.01,16,"[12, 6, 3]","('sigmoid', 'sigmoid', 'relu')",tensor(0.2690)
742,0.01,16,"[12, 6, 3]","('sigmoid', 'sigmoid', 'sigmoid')",tensor(0.2389)
743,0.01,16,"[12, 6, 3]","('sigmoid', 'sigmoid', 'tanh')",tensor(0.2390)
744,0.01,16,"[12, 6, 3]","('sigmoid', 'tanh', 'relu')",tensor(0.2445)
745,0.01,16,"[12, 6, 3]","('sigmoid', 'tanh', 'sigmoid')",tensor(0.2658)
746,0.01,16,"[12, 6, 3]","('sigmoid', 'tanh', 'tanh')",tensor(0.2339)
747,0.01,16,"[12, 6, 3]","('tanh', 'relu', 'relu')",tensor(0.2306)
748,0.01,16,"[12, 6, 3]","('tanh', 'relu', 'sigmoid')",tensor(0.2303)
749,0.01,16,"[12, 6, 3]","('tanh', 'relu', 'tanh')",tensor(0.2139)
750,0.01,16,"[12, 6, 3]","('tanh', 'sigmoid', 'relu')",tensor(0.2358)
751,0.01,16,"[12, 6, 3]","('tanh', 'sigmoid', 'sigmoid')",tensor(0.2289)
752,0.01,16,"[12, 6, 3]","('tanh', 'sigmoid', 'tanh')",tensor(0.2149)
753,0.01,16,"[12, 6, 3]","('tanh', 'tanh', 'relu')",tensor(0.2440)
754,0.01,16,"[12, 6, 3]","('tanh', 'tanh', 'sigmoid')",tensor(0.2263)
755,0.01,16,"[12, 6, 3]","('tanh', 'tanh', 'tanh')",tensor(0.2454)
756,0.01,32,"[12, 6, 3]","('relu', 'relu', 'relu')",tensor(0.2530)
757,0.01,32,"[12, 6, 3]","('relu', 'relu', 'sigmoid')",tensor(0.2448)
758,0.01,32,"[12, 6, 3]","('relu', 'relu', 'tanh')",tensor(0.2426)
759,0.01,32,"[12, 6, 3]","('relu', 'sigmoid', 'relu')",tensor(0.2314)
760,0.01,32,"[12, 6, 3]","('relu', 'sigmoid', 'sigmoid')",tensor(0.2354)
761,0.01,32,"[12, 6, 3]","('relu', 'sigmoid', 'tanh')",tensor(0.2276)
762,0.01,32,"[12, 6, 3]","('relu', 'tanh', 'relu')",tensor(0.2366)
763,0.01,32,"[12, 6, 3]","('relu', 'tanh', 'sigmoid')",tensor(0.2168)
764,0.01,32,"[12, 6, 3]","('relu', 'tanh', 'tanh')",tensor(0.2244)
765,0.01,32,"[12, 6, 3]","('sigmoid', 'relu', 'relu')",tensor(0.2538)
766,0.01,32,"[12, 6, 3]","('sigmoid', 'relu', 'sigmoid')",tensor(0.2199)
767,0.01,32,"[12, 6, 3]","('sigmoid', 'relu', 'tanh')",tensor(0.2184)
768,0.01,32,"[12, 6, 3]","('sigmoid', 'sigmoid', 'relu')",tensor(0.2463)
769,0.01,32,"[12, 6, 3]","('sigmoid', 'sigmoid', 'sigmoid')",tensor(0.2530)
770,0.01,32,"[12, 6, 3]","('sigmoid', 'sigmoid', 'tanh')",tensor(0.2626)
771,0.01,32,"[12, 6, 3]","('sigmoid', 'tanh', 'relu')",tensor(1.0530)
772,0.01,32,"[12, 6, 3]","('sigmoid', 'tanh', 'sigmoid')",tensor(0.2198)
773,0.01,32,"[12, 6, 3]","('sigmoid', 'tanh', 'tanh')",tensor(0.2670)
774,0.01,32,"[12, 6, 3]","('tanh', 'relu', 'relu')",tensor(0.2500)
775,0.01,32,"[12, 6, 3]","('tanh', 'relu', 'sigmoid')",tensor(0.2102)
776,0.01,32,"[12, 6, 3]","('tanh', 'relu', 'tanh')",tensor(0.2404)
777,0.01,32,"[12, 6, 3]","('tanh', 'sigmoid', 'relu')",tensor(0.2331)
778,0.01,32,"[12, 6, 3]","('tanh', 'sigmoid', 'sigmoid')",tensor(0.2409)
779,0.01,32,"[12, 6, 3]","('tanh', 'sigmoid', 'tanh')",tensor(0.2154)
780,0.01,32,"[12, 6, 3]","('tanh', 'tanh', 'relu')",tensor(0.2488)
781,0.01,32,"[12, 6, 3]","('tanh', 'tanh', 'sigmoid')",tensor(0.2130)
782,0.01,32,"[12, 6, 3]","('tanh', 'tanh', 'tanh')",tensor(0.2226)
783,0.01,64,"[12, 6, 3]","('relu', 'relu', 'relu')",tensor(0.2257)
784,0.01,64,"[12, 6, 3]","('relu', 'relu', 'sigmoid')",tensor(0.2323)
785,0.01,64,"[12, 6, 3]","('relu', 'relu', 'tanh')",tensor(0.2836)
786,0.01,64,"[12, 6, 3]","('relu', 'sigmoid', 'relu')",tensor(0.2580)
787,0.01,64,"[12, 6, 3]","('relu', 'sigmoid', 'sigmoid')",tensor(0.2249)
788,0.01,64,"[12, 6, 3]","('relu', 'sigmoid', 'tanh')",tensor(0.2359)
789,0.01,64,"[12, 6, 3]","('relu', 'tanh', 'relu')",tensor(0.2281)
790,0.01,64,"[12, 6, 3]","('relu', 'tanh', 'sigmoid')",tensor(0.2590)
791,0.01,64,"[12, 6, 3]","('relu', 'tanh', 'tanh')",tensor(0.2502)
792,0.01,64,"[12, 6, 3]","('sigmoid', 'relu', 'relu')",tensor(0.2593)
793,0.01,64,"[12, 6, 3]","('sigmoid', 'relu', 'sigmoid')",tensor(0.2294)
794,0.01,64,"[12, 6, 3]","('sigmoid', 'relu', 'tanh')",tensor(0.2213)
795,0.01,64,"[12, 6, 3]","('sigmoid', 'sigmoid', 'relu')",tensor(0.2919)
796,0.01,64,"[12, 6, 3]","('sigmoid', 'sigmoid', 'sigmoid')",tensor(0.2464)
797,0.01,64,"[12, 6, 3]","('sigmoid', 'sigmoid', 'tanh')",tensor(0.2236)
798,0.01,64,"[12, 6, 3]","('sigmoid', 'tanh', 'relu')",tensor(0.2528)
799,0.01,64,"[12, 6, 3]","('sigmoid', 'tanh', 'sigmoid')",tensor(0.2151)
800,0.01,64,"[12, 6, 3]","('sigmoid', 'tanh', 'tanh')",tensor(0.2182)
801,0.01,64,"[12, 6, 3]","('tanh', 'relu', 'relu')",tensor(0.2194)
802,0.01,64,"[12, 6, 3]","('tanh', 'relu', 'sigmoid')",tensor(0.2334)
803,0.01,64,"[12, 6, 3]","('tanh', 'relu', 'tanh')",tensor(0.2336)
804,0.01,64,"[12, 6, 3]","('tanh', 'sigmoid', 'relu')",tensor(0.2059)
805,0.01,64,"[12, 6, 3]","('tanh', 'sigmoid', 'sigmoid')",tensor(0.2558)
806,0.01,64,"[12, 6, 3]","('tanh', 'sigmoid', 'tanh')",tensor(0.2135)
807,0.01,64,"[12, 6, 3]","('tanh', 'tanh', 'relu')",tensor(0.2288)
808,0.01,64,"[12, 6, 3]","('tanh', 'tanh', 'sigmoid')",tensor(0.2369)
809,0.01,64,"[12, 6, 3]","('tanh', 'tanh', 'tanh')",tensor(0.2149)
810,0.0001,16,"[16, 8, 4]","('relu', 'relu', 'relu')",tensor(0.2995)
811,0.0001,16,"[16, 8, 4]","('relu', 'relu', 'sigmoid')",tensor(0.2708)
812,0.0001,16,"[16, 8, 4]","('relu', 'relu', 'tanh')",tensor(0.2880)
813,0.0001,16,"[16, 8, 4]","('relu', 'sigmoid', 'relu')",tensor(0.2748)
814,0.0001,16,"[16, 8, 4]","('relu', 'sigmoid', 'sigmoid')",tensor(0.2833)
815,0.0001,16,"[16, 8, 4]","('relu', 'sigmoid', 'tanh')",tensor(0.2660)
816,0.0001,16,"[16, 8, 4]","('relu', 'tanh', 'relu')",tensor(0.2589)
817,0.0001,16,"[16, 8, 4]","('relu', 'tanh', 'sigmoid')",tensor(0.2990)
818,0.0001,16,"[16, 8, 4]","('relu', 'tanh', 'tanh')",tensor(0.2573)
819,0.0001,16,"[16, 8, 4]","('sigmoid', 'relu', 'relu')",tensor(0.3319)
820,0.0001,16,"[16, 8, 4]","('sigmoid', 'relu', 'sigmoid')",tensor(0.2935)
821,0.0001,16,"[16, 8, 4]","('sigmoid', 'relu', 'tanh')",tensor(0.2971)
822,0.0001,16,"[16, 8, 4]","('sigmoid', 'sigmoid', 'relu')",tensor(0.3066)
823,0.0001,16,"[16, 8, 4]","('sigmoid', 'sigmoid', 'sigmoid')",tensor(0.3183)
824,0.0001,16,"[16, 8, 4]","('sigmoid', 'sigmoid', 'tanh')",tensor(0.3429)
825,0.0001,16,"[16, 8, 4]","('sigmoid', 'tanh', 'relu')",tensor(0.3161)
826,0.0001,16,"[16, 8, 4]","('sigmoid', 'tanh', 'sigmoid')",tensor(0.3260)
827,0.0001,16,"[16, 8, 4]","('sigmoid', 'tanh', 'tanh')",tensor(0.2732)
828,0.0001,16,"[16, 8, 4]","('tanh', 'relu', 'relu')",tensor(0.2800)
829,0.0001,16,"[16, 8, 4]","('tanh', 'relu', 'sigmoid')",tensor(0.2643)
830,0.0001,16,"[16, 8, 4]","('tanh', 'relu', 'tanh')",tensor(0.2662)
831,0.0001,16,"[16, 8, 4]","('tanh', 'sigmoid', 'relu')",tensor(0.2964)
832,0.0001,16,"[16, 8, 4]","('tanh', 'sigmoid', 'sigmoid')",tensor(0.2526)
833,0.0001,16,"[16, 8, 4]","('tanh', 'sigmoid', 'tanh')",tensor(0.2921)
834,0.0001,16,"[16, 8, 4]","('tanh', 'tanh', 'relu')",tensor(0.2611)
835,0.0001,16,"[16, 8, 4]","('tanh', 'tanh', 'sigmoid')",tensor(0.2970)
836,0.0001,16,"[16, 8, 4]","('tanh', 'tanh', 'tanh')",tensor(0.2809)
837,0.0001,32,"[16, 8, 4]","('relu', 'relu', 'relu')",tensor(0.2810)
838,0.0001,32,"[16, 8, 4]","('relu', 'relu', 'sigmoid')",tensor(0.2887)
839,0.0001,32,"[16, 8, 4]","('relu', 'relu', 'tanh')",tensor(0.2728)
840,0.0001,32,"[16, 8, 4]","('relu', 'sigmoid', 'relu')",tensor(0.2688)
841,0.0001,32,"[16, 8, 4]","('relu', 'sigmoid', 'sigmoid')",tensor(0.3162)
842,0.0001,32,"[16, 8, 4]","('relu', 'sigmoid', 'tanh')",tensor(0.2930)
843,0.0001,32,"[16, 8, 4]","('relu', 'tanh', 'relu')",tensor(0.2803)
844,0.0001,32,"[16, 8, 4]","('relu', 'tanh', 'sigmoid')",tensor(0.2928)
845,0.0001,32,"[16, 8, 4]","('relu', 'tanh', 'tanh')",tensor(0.2951)
846,0.0001,32,"[16, 8, 4]","('sigmoid', 'relu', 'relu')",tensor(0.2999)
847,0.0001,32,"[16, 8, 4]","('sigmoid', 'relu', 'sigmoid')",tensor(0.2901)
848,0.0001,32,"[16, 8, 4]","('sigmoid', 'relu', 'tanh')",tensor(0.2986)
849,0.0001,32,"[16, 8, 4]","('sigmoid', 'sigmoid', 'relu')",tensor(0.3151)
850,0.0001,32,"[16, 8, 4]","('sigmoid', 'sigmoid', 'sigmoid')",tensor(0.3053)
851,0.0001,32,"[16, 8, 4]","('sigmoid', 'sigmoid', 'tanh')",tensor(0.3363)
852,0.0001,32,"[16, 8, 4]","('sigmoid', 'tanh', 'relu')",tensor(0.3227)
853,0.0001,32,"[16, 8, 4]","('sigmoid', 'tanh', 'sigmoid')",tensor(0.3055)
854,0.0001,32,"[16, 8, 4]","('sigmoid', 'tanh', 'tanh')",tensor(0.3056)
855,0.0001,32,"[16, 8, 4]","('tanh', 'relu', 'relu')",tensor(0.2813)
856,0.0001,32,"[16, 8, 4]","('tanh', 'relu', 'sigmoid')",tensor(0.3048)
857,0.0001,32,"[16, 8, 4]","('tanh', 'relu', 'tanh')",tensor(0.3106)
858,0.0001,32,"[16, 8, 4]","('tanh', 'sigmoid', 'relu')",tensor(0.2992)
859,0.0001,32,"[16, 8, 4]","('tanh', 'sigmoid', 'sigmoid')",tensor(0.2889)
860,0.0001,32,"[16, 8, 4]","('tanh', 'sigmoid', 'tanh')",tensor(0.2977)
861,0.0001,32,"[16, 8, 4]","('tanh', 'tanh', 'relu')",tensor(0.2859)
862,0.0001,32,"[16, 8, 4]","('tanh', 'tanh', 'sigmoid')",tensor(0.2517)
863,0.0001,32,"[16, 8, 4]","('tanh', 'tanh', 'tanh')",tensor(0.2819)
864,0.0001,64,"[16, 8, 4]","('relu', 'relu', 'relu')",tensor(0.2723)
865,0.0001,64,"[16, 8, 4]","('relu', 'relu', 'sigmoid')",tensor(0.2921)
866,0.0001,64,"[16, 8, 4]","('relu', 'relu', 'tanh')",tensor(0.2926)
867,0.0001,64,"[16, 8, 4]","('relu', 'sigmoid', 'relu')",tensor(0.2535)
868,0.0001,64,"[16, 8, 4]","('relu', 'sigmoid', 'sigmoid')",tensor(0.2914)
869,0.0001,64,"[16, 8, 4]","('relu', 'sigmoid', 'tanh')",tensor(0.2811)
870,0.0001,64,"[16, 8, 4]","('relu', 'tanh', 'relu')",tensor(0.3043)
871,0.0001,64,"[16, 8, 4]","('relu', 'tanh', 'sigmoid')",tensor(0.2939)
872,0.0001,64,"[16, 8, 4]","('relu', 'tanh', 'tanh')",tensor(0.2514)
873,0.0001,64,"[16, 8, 4]","('sigmoid', 'relu', 'relu')",tensor(0.3130)
874,0.0001,64,"[16, 8, 4]","('sigmoid', 'relu', 'sigmoid')",tensor(0.3072)
875,0.0001,64,"[16, 8, 4]","('sigmoid', 'relu', 'tanh')",tensor(0.3163)
876,0.0001,64,"[16, 8, 4]","('sigmoid', 'sigmoid', 'relu')",tensor(0.3010)
877,0.0001,64,"[16, 8, 4]","('sigmoid', 'sigmoid', 'sigmoid')",tensor(0.2886)
878,0.0001,64,"[16, 8, 4]","('sigmoid', 'sigmoid', 'tanh')",tensor(0.3409)
879,0.0001,64,"[16, 8, 4]","('sigmoid', 'tanh', 'relu')",tensor(0.2782)
880,0.0001,64,"[16, 8, 4]","('sigmoid', 'tanh', 'sigmoid')",tensor(0.3126)
881,0.0001,64,"[16, 8, 4]","('sigmoid', 'tanh', 'tanh')",tensor(0.3145)
882,0.0001,64,"[16, 8, 4]","('tanh', 'relu', 'relu')",tensor(0.2832)
883,0.0001,64,"[16, 8, 4]","('tanh', 'relu', 'sigmoid')",tensor(0.3011)
884,0.0001,64,"[16, 8, 4]","('tanh', 'relu', 'tanh')",tensor(0.2513)
885,0.0001,64,"[16, 8, 4]","('tanh', 'sigmoid', 'relu')",tensor(0.2939)
886,0.0001,64,"[16, 8, 4]","('tanh', 'sigmoid', 'sigmoid')",tensor(0.2900)
887,0.0001,64,"[16, 8, 4]","('tanh', 'sigmoid', 'tanh')",tensor(0.3066)
888,0.0001,64,"[16, 8, 4]","('tanh', 'tanh', 'relu')",tensor(0.2984)
889,0.0001,64,"[16, 8, 4]","('tanh', 'tanh', 'sigmoid')",tensor(0.2837)
890,0.0001,64,"[16, 8, 4]","('tanh', 'tanh', 'tanh')",tensor(0.2598)
891,0.001,16,"[16, 8, 4]","('relu', 'relu', 'relu')",tensor(0.2653)
892,0.001,16,"[16, 8, 4]","('relu', 'relu', 'sigmoid')",tensor(0.2557)
893,0.001,16,"[16, 8, 4]","('relu', 'relu', 'tanh')",tensor(0.2136)
894,0.001,16,"[16, 8, 4]","('relu', 'sigmoid', 'relu')",tensor(0.2254)
895,0.001,16,"[16, 8, 4]","('relu', 'sigmoid', 'sigmoid')",tensor(0.2598)
896,0.001,16,"[16, 8, 4]","('relu', 'sigmoid', 'tanh')",tensor(0.2376)
897,0.001,16,"[16, 8, 4]","('relu', 'tanh', 'relu')",tensor(0.2193)
898,0.001,16,"[16, 8, 4]","('relu', 'tanh', 'sigmoid')",tensor(0.2354)
899,0.001,16,"[16, 8, 4]","('relu', 'tanh', 'tanh')",tensor(0.2204)
900,0.001,16,"[16, 8, 4]","('sigmoid', 'relu', 'relu')",tensor(0.2626)
901,0.001,16,"[16, 8, 4]","('sigmoid', 'relu', 'sigmoid')",tensor(0.2698)
902,0.001,16,"[16, 8, 4]","('sigmoid', 'relu', 'tanh')",tensor(0.2569)
903,0.001,16,"[16, 8, 4]","('sigmoid', 'sigmoid', 'relu')",tensor(0.2571)
904,0.001,16,"[16, 8, 4]","('sigmoid', 'sigmoid', 'sigmoid')",tensor(0.2579)
905,0.001,16,"[16, 8, 4]","('sigmoid', 'sigmoid', 'tanh')",tensor(0.2712)
906,0.001,16,"[16, 8, 4]","('sigmoid', 'tanh', 'relu')",tensor(0.9969)
907,0.001,16,"[16, 8, 4]","('sigmoid', 'tanh', 'sigmoid')",tensor(0.2591)
908,0.001,16,"[16, 8, 4]","('sigmoid', 'tanh', 'tanh')",tensor(0.2683)
909,0.001,16,"[16, 8, 4]","('tanh', 'relu', 'relu')",tensor(0.2509)
910,0.001,16,"[16, 8, 4]","('tanh', 'relu', 'sigmoid')",tensor(0.2321)
911,0.001,16,"[16, 8, 4]","('tanh', 'relu', 'tanh')",tensor(0.2560)
912,0.001,16,"[16, 8, 4]","('tanh', 'sigmoid', 'relu')",tensor(0.2264)
913,0.001,16,"[16, 8, 4]","('tanh', 'sigmoid', 'sigmoid')",tensor(0.2494)
914,0.001,16,"[16, 8, 4]","('tanh', 'sigmoid', 'tanh')",tensor(0.2822)
915,0.001,16,"[16, 8, 4]","('tanh', 'tanh', 'relu')",tensor(0.2390)
916,0.001,16,"[16, 8, 4]","('tanh', 'tanh', 'sigmoid')",tensor(0.2417)
917,0.001,16,"[16, 8, 4]","('tanh', 'tanh', 'tanh')",tensor(0.2349)
918,0.001,32,"[16, 8, 4]","('relu', 'relu', 'relu')",tensor(0.2551)
919,0.001,32,"[16, 8, 4]","('relu', 'relu', 'sigmoid')",tensor(0.2455)
920,0.001,32,"[16, 8, 4]","('relu', 'relu', 'tanh')",tensor(0.2513)
921,0.001,32,"[16, 8, 4]","('relu', 'sigmoid', 'relu')",tensor(0.2418)
922,0.001,32,"[16, 8, 4]","('relu', 'sigmoid', 'sigmoid')",tensor(0.2714)
923,0.001,32,"[16, 8, 4]","('relu', 'sigmoid', 'tanh')",tensor(0.2706)
924,0.001,32,"[16, 8, 4]","('relu', 'tanh', 'relu')",tensor(0.2466)
925,0.001,32,"[16, 8, 4]","('relu', 'tanh', 'sigmoid')",tensor(0.2782)
926,0.001,32,"[16, 8, 4]","('relu', 'tanh', 'tanh')",tensor(0.2644)
927,0.001,32,"[16, 8, 4]","('sigmoid', 'relu', 'relu')",tensor(0.9758)
928,0.001,32,"[16, 8, 4]","('sigmoid', 'relu', 'sigmoid')",tensor(0.2787)
929,0.001,32,"[16, 8, 4]","('sigmoid', 'relu', 'tanh')",tensor(0.2705)
930,0.001,32,"[16, 8, 4]","('sigmoid', 'sigmoid', 'relu')",tensor(0.2914)
931,0.001,32,"[16, 8, 4]","('sigmoid', 'sigmoid', 'sigmoid')",tensor(0.2824)
932,0.001,32,"[16, 8, 4]","('sigmoid', 'sigmoid', 'tanh')",tensor(0.2611)
933,0.001,32,"[16, 8, 4]","('sigmoid', 'tanh', 'relu')",tensor(0.2806)
934,0.001,32,"[16, 8, 4]","('sigmoid', 'tanh', 'sigmoid')",tensor(0.2752)
935,0.001,32,"[16, 8, 4]","('sigmoid', 'tanh', 'tanh')",tensor(0.2771)
936,0.001,32,"[16, 8, 4]","('tanh', 'relu', 'relu')",tensor(0.2596)
937,0.001,32,"[16, 8, 4]","('tanh', 'relu', 'sigmoid')",tensor(0.2342)
938,0.001,32,"[16, 8, 4]","('tanh', 'relu', 'tanh')",tensor(0.2518)
939,0.001,32,"[16, 8, 4]","('tanh', 'sigmoid', 'relu')",tensor(0.2420)
940,0.001,32,"[16, 8, 4]","('tanh', 'sigmoid', 'sigmoid')",tensor(0.2660)
941,0.001,32,"[16, 8, 4]","('tanh', 'sigmoid', 'tanh')",tensor(0.2575)
942,0.001,32,"[16, 8, 4]","('tanh', 'tanh', 'relu')",tensor(0.2480)
943,0.001,32,"[16, 8, 4]","('tanh', 'tanh', 'sigmoid')",tensor(0.2867)
944,0.001,32,"[16, 8, 4]","('tanh', 'tanh', 'tanh')",tensor(0.2493)
945,0.001,64,"[16, 8, 4]","('relu', 'relu', 'relu')",tensor(0.2384)
946,0.001,64,"[16, 8, 4]","('relu', 'relu', 'sigmoid')",tensor(0.2658)
947,0.001,64,"[16, 8, 4]","('relu', 'relu', 'tanh')",tensor(0.2792)
948,0.001,64,"[16, 8, 4]","('relu', 'sigmoid', 'relu')",tensor(0.2386)
949,0.001,64,"[16, 8, 4]","('relu', 'sigmoid', 'sigmoid')",tensor(0.2701)
950,0.001,64,"[16, 8, 4]","('relu', 'sigmoid', 'tanh')",tensor(0.2669)
951,0.001,64,"[16, 8, 4]","('relu', 'tanh', 'relu')",tensor(0.2543)
952,0.001,64,"[16, 8, 4]","('relu', 'tanh', 'sigmoid')",tensor(0.2333)
953,0.001,64,"[16, 8, 4]","('relu', 'tanh', 'tanh')",tensor(0.2270)
954,0.001,64,"[16, 8, 4]","('sigmoid', 'relu', 'relu')",tensor(0.2706)
955,0.001,64,"[16, 8, 4]","('sigmoid', 'relu', 'sigmoid')",tensor(0.2661)
956,0.001,64,"[16, 8, 4]","('sigmoid', 'relu', 'tanh')",tensor(0.2428)
957,0.001,64,"[16, 8, 4]","('sigmoid', 'sigmoid', 'relu')",tensor(0.2748)
958,0.001,64,"[16, 8, 4]","('sigmoid', 'sigmoid', 'sigmoid')",tensor(0.2736)
959,0.001,64,"[16, 8, 4]","('sigmoid', 'sigmoid', 'tanh')",tensor(0.3054)
960,0.001,64,"[16, 8, 4]","('sigmoid', 'tanh', 'relu')",tensor(0.2710)
961,0.001,64,"[16, 8, 4]","('sigmoid', 'tanh', 'sigmoid')",tensor(0.2469)
962,0.001,64,"[16, 8, 4]","('sigmoid', 'tanh', 'tanh')",tensor(0.2497)
963,0.001,64,"[16, 8, 4]","('tanh', 'relu', 'relu')",tensor(0.2682)
964,0.001,64,"[16, 8, 4]","('tanh', 'relu', 'sigmoid')",tensor(0.2784)
965,0.001,64,"[16, 8, 4]","('tanh', 'relu', 'tanh')",tensor(0.2529)
966,0.001,64,"[16, 8, 4]","('tanh', 'sigmoid', 'relu')",tensor(0.2825)
967,0.001,64,"[16, 8, 4]","('tanh', 'sigmoid', 'sigmoid')",tensor(0.2523)
968,0.001,64,"[16, 8, 4]","('tanh', 'sigmoid', 'tanh')",tensor(0.2353)
969,0.001,64,"[16, 8, 4]","('tanh', 'tanh', 'relu')",tensor(0.2438)
970,0.001,64,"[16, 8, 4]","('tanh', 'tanh', 'sigmoid')",tensor(0.2324)
971,0.001,64,"[16, 8, 4]","('tanh', 'tanh', 'tanh')",tensor(0.2512)
972,0.01,16,"[16, 8, 4]","('relu', 'relu', 'relu')",tensor(0.2219)
973,0.01,16,"[16, 8, 4]","('relu', 'relu', 'sigmoid')",tensor(0.2470)
974,0.01,16,"[16, 8, 4]","('relu', 'relu', 'tanh')",tensor(0.2377)
975,0.01,16,"[16, 8, 4]","('relu', 'sigmoid', 'relu')",tensor(0.2333)
976,0.01,16,"[16, 8, 4]","('relu', 'sigmoid', 'sigmoid')",tensor(0.2256)
977,0.01,16,"[16, 8, 4]","('relu', 'sigmoid', 'tanh')",tensor(0.1875)
978,0.01,16,"[16, 8, 4]","('relu', 'tanh', 'relu')",tensor(0.2769)
979,0.01,16,"[16, 8, 4]","('relu', 'tanh', 'sigmoid')",tensor(0.2286)
980,0.01,16,"[16, 8, 4]","('relu', 'tanh', 'tanh')",tensor(0.2491)
981,0.01,16,"[16, 8, 4]","('sigmoid', 'relu', 'relu')",tensor(0.2395)
982,0.01,16,"[16, 8, 4]","('sigmoid', 'relu', 'sigmoid')",tensor(0.2278)
983,0.01,16,"[16, 8, 4]","('sigmoid', 'relu', 'tanh')",tensor(0.2385)
984,0.01,16,"[16, 8, 4]","('sigmoid', 'sigmoid', 'relu')",tensor(0.2534)
985,0.01,16,"[16, 8, 4]","('sigmoid', 'sigmoid', 'sigmoid')",tensor(0.2235)
986,0.01,16,"[16, 8, 4]","('sigmoid', 'sigmoid', 'tanh')",tensor(0.2433)
987,0.01,16,"[16, 8, 4]","('sigmoid', 'tanh', 'relu')",tensor(0.2702)
988,0.01,16,"[16, 8, 4]","('sigmoid', 'tanh', 'sigmoid')",tensor(0.2365)
989,0.01,16,"[16, 8, 4]","('sigmoid', 'tanh', 'tanh')",tensor(0.2222)
990,0.01,16,"[16, 8, 4]","('tanh', 'relu', 'relu')",tensor(0.2481)
991,0.01,16,"[16, 8, 4]","('tanh', 'relu', 'sigmoid')",tensor(0.2346)
992,0.01,16,"[16, 8, 4]","('tanh', 'relu', 'tanh')",tensor(0.2212)
993,0.01,16,"[16, 8, 4]","('tanh', 'sigmoid', 'relu')",tensor(0.2443)
994,0.01,16,"[16, 8, 4]","('tanh', 'sigmoid', 'sigmoid')",tensor(0.2307)
995,0.01,16,"[16, 8, 4]","('tanh', 'sigmoid', 'tanh')",tensor(0.2028)
996,0.01,16,"[16, 8, 4]","('tanh', 'tanh', 'relu')",tensor(0.2388)
997,0.01,16,"[16, 8, 4]","('tanh', 'tanh', 'sigmoid')",tensor(0.2458)
998,0.01,16,"[16, 8, 4]","('tanh', 'tanh', 'tanh')",tensor(0.2190)
999,0.01,32,"[16, 8, 4]","('relu', 'relu', 'relu')",tensor(0.2672)
1000,0.01,32,"[16, 8, 4]","('relu', 'relu', 'sigmoid')",tensor(0.2028)
1001,0.01,32,"[16, 8, 4]","('relu', 'relu', 'tanh')",tensor(0.1936)
1002,0.01,32,"[16, 8, 4]","('relu', 'sigmoid', 'relu')",tensor(0.2003)
1003,0.01,32,"[16, 8, 4]","('relu', 'sigmoid', 'sigmoid')",tensor(0.2035)
1004,0.01,32,"[16, 8, 4]","('relu', 'sigmoid', 'tanh')",tensor(0.2411)
1005,0.01,32,"[16, 8, 4]","('relu', 'tanh', 'relu')",tensor(0.2288)
1006,0.01,32,"[16, 8, 4]","('relu', 'tanh', 'sigmoid')",tensor(0.2308)
1007,0.01,32,"[16, 8, 4]","('relu', 'tanh', 'tanh')",tensor(0.2152)
1008,0.01,32,"[16, 8, 4]","('sigmoid', 'relu', 'relu')",tensor(0.2376)
1009,0.01,32,"[16, 8, 4]","('sigmoid', 'relu', 'sigmoid')",tensor(0.2304)
1010,0.01,32,"[16, 8, 4]","('sigmoid', 'relu', 'tanh')",tensor(0.2199)
1011,0.01,32,"[16, 8, 4]","('sigmoid', 'sigmoid', 'relu')",tensor(0.2275)
1012,0.01,32,"[16, 8, 4]","('sigmoid', 'sigmoid', 'sigmoid')",tensor(0.1954)
1013,0.01,32,"[16, 8, 4]","('sigmoid', 'sigmoid', 'tanh')",tensor(0.2243)
1014,0.01,32,"[16, 8, 4]","('sigmoid', 'tanh', 'relu')",tensor(0.2571)
1015,0.01,32,"[16, 8, 4]","('sigmoid', 'tanh', 'sigmoid')",tensor(0.2069)
1016,0.01,32,"[16, 8, 4]","('sigmoid', 'tanh', 'tanh')",tensor(0.2177)
1017,0.01,32,"[16, 8, 4]","('tanh', 'relu', 'relu')",tensor(0.2361)
1018,0.01,32,"[16, 8, 4]","('tanh', 'relu', 'sigmoid')",tensor(0.2254)
1019,0.01,32,"[16, 8, 4]","('tanh', 'relu', 'tanh')",tensor(0.2117)
1020,0.01,32,"[16, 8, 4]","('tanh', 'sigmoid', 'relu')",tensor(0.2179)
1021,0.01,32,"[16, 8, 4]","('tanh', 'sigmoid', 'sigmoid')",tensor(0.2529)
1022,0.01,32,"[16, 8, 4]","('tanh', 'sigmoid', 'tanh')",tensor(0.2149)
1023,0.01,32,"[16, 8, 4]","('tanh', 'tanh', 'relu')",tensor(0.2270)
1024,0.01,32,"[16, 8, 4]","('tanh', 'tanh', 'sigmoid')",tensor(0.2139)
1025,0.01,32,"[16, 8, 4]","('tanh', 'tanh', 'tanh')",tensor(0.2456)
1026,0.01,64,"[16, 8, 4]","('relu', 'relu', 'relu')",tensor(0.2316)
1027,0.01,64,"[16, 8, 4]","('relu', 'relu', 'sigmoid')",tensor(0.2092)
1028,0.01,64,"[16, 8, 4]","('relu', 'relu', 'tanh')",tensor(0.2092)
1029,0.01,64,"[16, 8, 4]","('relu', 'sigmoid', 'relu')",tensor(0.2382)
1030,0.01,64,"[16, 8, 4]","('relu', 'sigmoid', 'sigmoid')",tensor(0.2246)
1031,0.01,64,"[16, 8, 4]","('relu', 'sigmoid', 'tanh')",tensor(0.1954)
1032,0.01,64,"[16, 8, 4]","('relu', 'tanh', 'relu')",tensor(0.2263)
1033,0.01,64,"[16, 8, 4]","('relu', 'tanh', 'sigmoid')",tensor(0.2373)
1034,0.01,64,"[16, 8, 4]","('relu', 'tanh', 'tanh')",tensor(0.2401)
1035,0.01,64,"[16, 8, 4]","('sigmoid', 'relu', 'relu')",tensor(0.2544)
1036,0.01,64,"[16, 8, 4]","('sigmoid', 'relu', 'sigmoid')",tensor(0.2213)
1037,0.01,64,"[16, 8, 4]","('sigmoid', 'relu', 'tanh')",tensor(0.2376)
1038,0.01,64,"[16, 8, 4]","('sigmoid', 'sigmoid', 'relu')",tensor(0.2142)
1039,0.01,64,"[16, 8, 4]","('sigmoid', 'sigmoid', 'sigmoid')",tensor(0.2746)
1040,0.01,64,"[16, 8, 4]","('sigmoid', 'sigmoid', 'tanh')",tensor(0.2441)
1041,0.01,64,"[16, 8, 4]","('sigmoid', 'tanh', 'relu')",tensor(0.2345)
1042,0.01,64,"[16, 8, 4]","('sigmoid', 'tanh', 'sigmoid')",tensor(0.2132)
1043,0.01,64,"[16, 8, 4]","('sigmoid', 'tanh', 'tanh')",tensor(0.2238)
1044,0.01,64,"[16, 8, 4]","('tanh', 'relu', 'relu')",tensor(0.2510)
1045,0.01,64,"[16, 8, 4]","('tanh', 'relu', 'sigmoid')",tensor(0.2017)
1046,0.01,64,"[16, 8, 4]","('tanh', 'relu', 'tanh')",tensor(0.2069)
1047,0.01,64,"[16, 8, 4]","('tanh', 'sigmoid', 'relu')",tensor(0.2174)
1048,0.01,64,"[16, 8, 4]","('tanh', 'sigmoid', 'sigmoid')",tensor(0.2098)
1049,0.01,64,"[16, 8, 4]","('tanh', 'sigmoid', 'tanh')",tensor(0.2482)
1050,0.01,64,"[16, 8, 4]","('tanh', 'tanh', 'relu')",tensor(0.2360)
1051,0.01,64,"[16, 8, 4]","('tanh', 'tanh', 'sigmoid')",tensor(0.2260)
1052,0.01,64,"[16, 8, 4]","('tanh', 'tanh', 'tanh')",tensor(0.2383)
